evento,fecha,hora_utc,hora_local,latitud,longitud,profundidad_km,magnitud,localizacion,timestamp_utc,timestamp_local,tipo_mag,int_max
es2025zpqgx,31/12/2025,05:47:55,06:47:55,36.2128,-9.2476,26.0,3.6,SW CABO DE SAN VICENTE,2025-12-31T05:47:55,2025-12-31T06:47:55,mbLg,
es2026rbzgn,31/08/2026,22:45:10,00:45:10,37.0489,-3.6818,3.0,1.5,NW PADUL.GR,2026-08-31T22:45:10,2026-08-31T00:45:10,mbLg,
es2026rbwun,31/08/2026,21:30:32,23:30:32,42.8429,-1.4781,0.0,1.6,N LIZOÁIN-ARRIASGOITI.NA,2026-08-31T21:30:32,2026-08-31T23:30:32,mbLg,
es2026rbuvf,31/08/2026,20:30:44,22:30:44,36.5769,-4.482,96.0,1.7,SE TORREMOLINOS.MA,2026-08-31T20:30:44,2026-08-31T22:30:44,mb,
es2026rbtsm,31/08/2026,19:59:42,21:59:42,37.0334,-13.115,37.0,4.2,AZORES-CABO DE SAN VICENTE,2026-08-31T19:59:42,2026-08-31T21:59:42,M(mb),
es2026rbtik,31/08/2026,19:45:29,21:45:29,40.7666,-8.4084,0.0,2.0,NW SEVER DO VOUGA.POR,2026-08-31T19:45:29,2026-08-31T21:45:29,mbLg,
es2026rbtfu,31/08/2026,19:42:27,21:42:27,37.9581,-6.491,0.0,1.6,NE CORTECONCEPCIÓN.H,2026-08-31T19:42:27,2026-08-31T21:42:27,mbLg,
es2026rbsiz,31/08/2026,19:15:52,21:15:52,36.5549,-8.6008,16.0,2.9,GOLFO DE CÁDIZ,2026-08-31T19:15:52,2026-08-31T21:15:52,mbLg,
es2026rbqqs,31/08/2026,18:24:17,19:24:17,27.7023,-18.016,12.0,1.8,W EL PINAR DE EL HIERRO.IHI,2026-08-31T18:24:17,2026-08-31T19:24:17,mbLg,
es2026rbexd,31/08/2026,12:28:04,14:28:04,35.6107,-3.5984,10.0,2.2,ALBORÁN SUR,2026-08-31T12:28:04,2026-08-31T14:28:04,mbLg,
es2026rbdii,31/08/2026,11:40:30,13:40:30,38.8508,-0.8131,0.0,1.5,SW MOGENTE/MOIXENT.V,2026-08-31T11:40:30,2026-08-31T13:40:30,mbLg,
es2026rbbag,31/08/2026,10:30:27,11:30:27,28.0654,-16.1862,8.0,1.9,ATLÁNTICO-CANARIAS,2026-08-31T10:30:27,2026-08-31T11:30:27,mbLg,
es2026razvg,31/08/2026,09:54:18,10:54:18,28.0934,-16.174,15.0,1.9,ATLÁNTICO-CANARIAS,2026-08-31T09:54:18,2026-08-31T10:54:18,mbLg,
es2026raywl,31/08/2026,09:25:24,11:25:24,37.3976,-15.4109,30.0,3.7,AZORES-CABO DE SAN VICENTE,2026-08-31T09:25:24,2026-08-31T11:25:24,M(mb),
es2026rayvp,31/08/2026,09:24:24,11:24:24,36.4682,-8.0017,14.0,1.9,GOLFO DE CÁDIZ,2026-08-31T09:24:24,2026-08-31T11:24:24,mbLg,
es2026rawyg,31/08/2026,08:26:55,10:26:55,36.628,-2.9136,2.0,2.3,ALBORÁN NORTE,2026-08-31T08:26:55,2026-08-31T10:26:55,mbLg,
es2026ratfy,31/08/2026,06:35:48,08:35:48,37.1454,-8.7072,22.0,2.6,NW LAGOS.POR,2026-08-31T06:35:48,2026-08-31T08:35:48,mbLg,
es2026rasth,31/08/2026,06:19:54,08:19:54,43.0959,-0.3993,0.0,1.5,SE ARUDY.FRA,2026-08-31T06:19:54,2026-08-31T08:19:54,mbLg,
es2026rasjh,31/08/2026,06:08:15,08:08:15,37.1317,-3.5955,9.0,1.5,NW LA ZUBIA.GR,2026-08-31T06:08:15,2026-08-31T08:08:15,mbLg,
es2026raosz,31/08/2026,04:18:19,06:18:19,36.6729,-9.4712,34.0,1.9,SW CABO DE SAN VICENTE,2026-08-31T04:18:19,2026-08-31T06:18:19,mbLg,
es2026raosm,31/08/2026,04:17:43,06:17:43,42.4777,1.555,0.0,1.5,W LES ESCALDES.AND,2026-08-31T04:17:43,2026-08-31T06:17:43,mbLg,
es2026raksj,31/08/2026,02:16:21,04:16:21,35.5568,-3.5054,30.0,1.5,ALBORÁN SUR,2026-08-31T02:16:21,2026-08-31T04:16:21,mbLg,
es2026rahid,31/08/2026,00:33:29,02:33:29,37.0918,-3.6117,0.0,1.5,SW GÓJAR.GR,2026-08-31T00:33:29,2026-08-31T02:33:29,mbLg,
es2025vfzqc,30/10/2025,01:19:18,01:19:18,28.0799,-15.7008,7.0,2.9,S AGAETE.IGC,2025-10-30T01:19:18,2025-10-30T01:19:18,mbLg,III-IV
es2026rafug,30/08/2026,23:47:00,00:47:00,28.5988,-16.5579,41.0,1.8,ATLÁNTICO-CANARIAS,2026-08-30T23:47:00,2026-08-30T00:47:00,mbLg,
es2026radxr,30/08/2026,22:51:18,00:51:18,36.4178,-7.6983,10.0,2.0,GOLFO DE CÁDIZ,2026-08-30T22:51:18,2026-08-30T00:51:18,mbLg,
es2026racfs,30/08/2026,21:59:09,23:59:09,35.5811,-3.569,20.0,1.6,ALBORÁN SUR,2026-08-30T21:59:09,2026-08-30T23:59:09,mbLg,
es2026qzzia,30/08/2026,20:30:55,22:30:55,37.7259,-3.4981,6.0,1.5,S TORRES.J,2026-08-30T20:30:55,2026-08-30T22:30:55,mbLg,
es2026qzxwf,30/08/2026,19:46:50,21:46:50,37.5333,-3.6728,5.0,1.6,W NOALEJO.J,2026-08-30T19:46:50,2026-08-30T21:46:50,mbLg,
es2026qzvzz,30/08/2026,18:50:37,20:50:37,34.8238,-9.2552,30.0,3.0,SW CABO DE SAN VICENTE,2026-08-30T18:50:37,2026-08-30T20:50:37,M(mb),
es2026qzthv,30/08/2026,17:28:51,18:28:51,28.725,-16.3531,36.0,2.2,ATLÁNTICO-CANARIAS,2026-08-30T17:28:51,2026-08-30T18:28:51,mbLg,
es2026qzlwx,30/08/2026,13:43:58,15:43:58,36.5826,-2.9438,0.0,1.8,ALBORÁN NORTE,2026-08-30T13:43:58,2026-08-30T15:43:58,mbLg,
es2026qzlmi,30/08/2026,13:31:37,14:31:37,28.0583,-14.933,12.0,2.6,ATLÁNTICO-CANARIAS,2026-08-30T13:31:37,2026-08-30T14:31:37,mbLg,
es2026qzhrq,30/08/2026,11:36:34,13:36:34,43.1698,-1.8897,20.0,1.6,W GOIZUETA.NA,2026-08-30T11:36:34,2026-08-30T13:36:34,mbLg,
es2026qzfzo,30/08/2026,10:46:10,12:46:10,36.3128,-11.7918,36.0,4.1,SW CABO DE SAN VICENTE,2026-08-30T10:46:10,2026-08-30T12:46:10,M(mb),
es2026qzczl,30/08/2026,09:14:10,11:14:10,36.762,-10.9645,3.0,2.5,SW CABO DE SAN VICENTE,2026-08-30T09:14:10,2026-08-30T11:14:10,mbLg,
es2026qyvyx,30/08/2026,05:41:22,07:41:22,36.7661,-3.0456,2.0,1.6,NW ADRA.AL,2026-08-30T05:41:22,2026-08-30T07:41:22,mbLg,
es2026qytwr,30/08/2026,04:38:07,05:38:07,28.8157,-16.3361,35.0,2.6,ATLÁNTICO-CANARIAS,2026-08-30T04:38:07,2026-08-30T05:38:07,mbLg,
es2026qyrbo,30/08/2026,03:12:54,05:12:54,43.0735,-0.6483,0.0,1.8,SW OLORON STE MARIE.FRA,2026-08-30T03:12:54,2026-08-30T05:12:54,mbLg,
es2026radxs,30/08/2026,22:50:23,00:50:23,37.172,-3.6624,0.0,1.8,E VEGAS DEL GENIL.GR,2026-08-30T22:50:23,2026-08-30T00:50:23,mbLg,Sentido
es2026raccc,30/08/2026,21:54:57,23:54:57,35.533,-3.5958,4.0,3.1,ALBORÁN SUR,2026-08-30T21:54:57,2026-08-30T23:54:57,mbLg,II-III
es2026qzvha,30/08/2026,18:28:30,20:28:30,37.1384,-3.5728,5.0,1.6,NW CÁJAR.GR,2026-08-30T18:28:30,2026-08-30T20:28:30,mbLg,Sentido
es2026qzqah,30/08/2026,15:49:08,17:49:08,37.1257,-3.6469,5.0,1.5,N ALHENDÍN.GR,2026-08-30T15:49:08,2026-08-30T17:49:08,mbLg,Sentido
es2026qzlkv,30/08/2026,13:32:07,15:32:07,37.1349,-3.6451,9.0,1.5,S CHURRIANA DE LA VEGA.GR,2026-08-30T13:32:07,2026-08-30T15:32:07,mbLg,Sentido
es2026ovold,30/07/2026,23:33:40,01:33:40,37.0688,-3.6193,0.0,2.0,SW DÍLAR.GR,2026-07-30T23:33:40,2026-07-30T01:33:40,mbLg,II
es2025zmazo,29/12/2025,06:39:36,07:39:36,42.403,5.2764,4.0,3.6,GOLFO DE LEÓN,2025-12-29T06:39:36,2025-12-29T07:39:36,mbLg,
es2025zlrra,29/12/2025,01:56:51,01:56:51,27.6127,-18.0584,36.0,3.8,SW EL PINAR DE EL HIERRO.IHI,2025-12-29T01:56:51,2025-12-29T01:56:51,mbLg,
es2025vfsio,29/10/2025,21:38:20,22:38:20,36.5255,-2.873,2.0,4.3,ALBORÁN NORTE,2025-10-29T21:38:20,2025-10-29T22:38:20,Mw,III
es2026qyiiq,29/08/2026,22:48:22,00:48:22,36.4814,2.4153,15.0,3.0,SW TIPASA.ARG,2026-08-29T22:48:22,2026-08-29T00:48:22,M(mb),
es2026qyerv,29/08/2026,20:57:53,22:57:53,42.709,-9.421,0.0,1.6,ATLÁNTICO-GALICIA,2026-08-29T20:57:53,2026-08-29T22:57:53,mbLg,
es2026qxuvx,29/08/2026,15:59:36,16:59:36,28.147,-16.4426,19.0,1.7,SE ARICO.ITF,2026-08-29T15:59:36,2026-08-29T16:59:36,mbLg,
es2026qxtyb,29/08/2026,15:31:46,16:31:46,28.0389,-15.9929,2.0,1.6,ATLÁNTICO-CANARIAS,2026-08-29T15:31:46,2026-08-29T16:31:46,mbLg,
es2026qxpjr,29/08/2026,13:13:47,15:13:47,37.5964,-9.1009,1.0,1.7,ATLÁNTICO-PORTUGAL,2026-08-29T13:13:47,2026-08-29T15:13:47,mbLg,
es2026qxmku,29/08/2026,11:44:10,13:44:10,43.012,-7.2864,7.0,1.9,W BALEIRA.LU,2026-08-29T11:44:10,2026-08-29T13:44:10,mbLg,
es2026qxcgg,29/08/2026,06:35:48,08:35:48,37.1187,-3.5967,7.0,1.5,W LA ZUBIA.GR,2026-08-29T06:35:48,2026-08-29T08:35:48,mbLg,
es2026qwznu,29/08/2026,05:13:39,07:13:39,36.9562,-8.9376,35.0,1.9,SE SAGRES.POR,2026-08-29T05:13:39,2026-08-29T07:13:39,mbLg,
es2026qwxjl,29/08/2026,04:08:58,06:08:58,37.1577,-3.641,0.0,1.6,NE CHURRIANA DE LA VEGA.GR,2026-08-29T04:08:58,2026-08-29T06:08:58,mbLg,
es2026qwucv,29/08/2026,02:29:50,04:29:50,37.1661,-3.6557,0.0,1.8,SE VEGAS DEL GENIL.GR,2026-08-29T02:29:50,2026-08-29T04:29:50,mbLg,
es2026qwuaf,29/08/2026,02:26:19,04:26:19,37.1304,-2.9968,12.0,1.7,S DÓLAR.GR,2026-08-29T02:26:19,2026-08-29T04:26:19,mbLg,
es2026qwtvs,29/08/2026,02:21:02,04:21:02,37.1501,-3.6587,0.0,1.6,W CHURRIANA DE LA VEGA.GR,2026-08-29T02:21:02,2026-08-29T04:21:02,mbLg,
es2026qwsmx,29/08/2026,01:40:29,03:40:29,42.8505,-0.2378,0.0,1.9,W CAUTERETS.FRA,2026-08-29T01:40:29,2026-08-29T03:40:29,mbLg,
es2026qwqyl,29/08/2026,00:53:18,02:53:18,37.7457,-3.4975,1.0,2.4,SE TORRES.J,2026-08-29T00:53:18,2026-08-29T02:53:18,mbLg,
es2026qwpml,29/08/2026,00:08:59,02:08:59,37.1617,-3.6467,0.0,1.7,N CHURRIANA DE LA VEGA.GR,2026-08-29T00:08:59,2026-08-29T02:08:59,mbLg,
es2026qyihi,29/08/2026,22:48:44,00:48:44,37.1418,-3.5877,4.0,1.9,W HUÉTOR VEGA.GR,2026-08-29T22:48:44,2026-08-29T00:48:44,mbLg,Sentido
es2026qxcyx,29/08/2026,06:57:33,08:57:33,37.1529,-3.6505,0.0,2.3,NW CHURRIANA DE LA VEGA.GR,2026-08-29T06:57:33,2026-08-29T08:57:33,mbLg,Sentido
es2026qwqnr,29/08/2026,00:40:48,02:40:48,37.6929,-3.4703,0.0,3.0,N HUELMA.J,2026-08-29T00:40:48,2026-08-29T02:40:48,mbLg,II-III
es2026qwplk,29/08/2026,00:07:48,02:07:48,37.0828,-3.5918,0.0,1.6,NE DÍLAR.GR,2026-08-29T00:07:48,2026-08-29T02:07:48,mbLg,Sentido
es2026iidfo,29/04/2026,06:23:22,08:23:22,38.8326,-0.6169,7.0,3.6,NW ONTINYENT.V,2026-04-29T06:23:22,2026-04-29T08:23:22,Mw,IV
es2026quxiz,28/08/2026,01:51:27,03:51:27,36.9944,-3.139,40.0,1.8,NE ALPUJARRA DE LA SIERRA.GR,2026-08-28T01:51:27,2026-08-28T03:51:27,mbLg,
es2026qwmou,28/08/2026,22:40:48,00:40:48,37.1255,-3.6444,4.0,1.3,N ALHENDÍN.GR,2026-08-28T22:40:48,2026-08-28T00:40:48,mbLg,II
es2026qwfdt,28/08/2026,18:57:35,20:57:35,37.1743,-3.6185,6.0,1.2,W GRANADA.GR,2026-08-28T18:57:35,2026-08-28T20:57:35,mbLg,III
es2026qwokc,28/08/2026,23:35:59,00:35:59,28.018,-16.1631,8.0,1.9,ATLÁNTICO-CANARIAS,2026-08-28T23:35:59,2026-08-28T00:35:59,mbLg,
es2026qwllw,28/08/2026,22:07:06,00:07:06,36.8059,-7.6031,23.0,1.8,GOLFO DE CÁDIZ,2026-08-28T22:07:06,2026-08-28T00:07:06,mbLg,
es2026qwjxw,28/08/2026,21:20:28,23:20:28,37.149,-3.6593,0.0,1.6,W CHURRIANA DE LA VEGA.GR,2026-08-28T21:20:28,2026-08-28T23:20:28,mbLg,
es2026qwjne,28/08/2026,21:08:01,23:08:01,36.1784,-0.6898,0.0,2.4,MEDITERRÁNEO-ARGELIA,2026-08-28T21:08:01,2026-08-28T23:08:01,mbLg,
es2026qwizy,28/08/2026,20:52:37,22:52:37,37.4856,-1.0269,0.0,1.5,MEDITERRÁNEO-LEVANTE SUR,2026-08-28T20:52:37,2026-08-28T22:52:37,mbLg,
es2026qwimh,28/08/2026,20:36:40,22:36:40,37.1404,-3.6105,3.0,1.5,E ARMILLA.GR,2026-08-28T20:36:40,2026-08-28T22:36:40,mbLg,
es2026qwgzi,28/08/2026,19:51:15,21:51:15,36.3075,-0.8036,0.0,2.2,MEDITERRÁNEO-ARGELIA,2026-08-28T19:51:15,2026-08-28T21:51:15,mbLg,
es2026qwgjb,28/08/2026,19:32:21,21:32:21,37.1655,-3.6342,3.0,1.5,NE CHURRIANA DE LA VEGA.GR,2026-08-28T19:32:21,2026-08-28T21:32:21,mbLg,
es2026qwdsi,28/08/2026,18:12:11,20:12:11,36.5297,2.9744,0.0,3.4,NE BLIDA.ARG,2026-08-28T18:12:11,2026-08-28T20:12:11,M(mb),
es2026qwbim,28/08/2026,17:00:07,19:00:07,34.4195,-5.8607,19.0,2.7,W OULAD ALI.MAC,2026-08-28T17:00:07,2026-08-28T19:00:07,mbLg,
es2026qwaml,28/08/2026,16:34:21,17:34:21,28.1235,-16.1723,20.0,2.0,ATLÁNTICO-CANARIAS,2026-08-28T16:34:21,2026-08-28T17:34:21,mbLg,
es2026qwajd,28/08/2026,16:30:34,17:30:34,28.1498,-16.2212,16.0,1.5,ATLÁNTICO-CANARIAS,2026-08-28T16:30:34,2026-08-28T17:30:34,mbLg,
es2026qvzep,28/08/2026,15:54:58,17:54:58,41.9628,-7.6755,0.0,2.0,E BALTAR.OU,2026-08-28T15:54:58,2026-08-28T17:54:58,mbLg,
es2026qvyoy,28/08/2026,15:36:43,16:36:43,28.1134,-16.16,2.0,2.0,ATLÁNTICO-CANARIAS,2026-08-28T15:36:43,2026-08-28T16:36:43,mbLg,
es2026qvycr,28/08/2026,15:22:26,17:22:26,36.3977,-3.7385,0.0,1.7,ALBORÁN NORTE,2026-08-28T15:22:26,2026-08-28T17:22:26,mbLg,
es2026qvpnw,28/08/2026,11:02:40,13:02:40,37.1187,-3.6082,4.0,1.6,SE OGÍJARES.GR,2026-08-28T11:02:40,2026-08-28T13:02:40,mbLg,
es2026qvpji,28/08/2026,10:57:23,12:57:23,37.0988,-3.5963,7.0,1.9,SE GÓJAR.GR,2026-08-28T10:57:23,2026-08-28T12:57:23,mbLg,
es2026qvoks,28/08/2026,10:28:42,12:28:42,37.17,-3.636,3.0,1.6,NE CHURRIANA DE LA VEGA.GR,2026-08-28T10:28:42,2026-08-28T12:28:42,mbLg,
es2026qvofg,28/08/2026,10:22:20,12:22:20,37.2329,-8.9709,34.0,1.9,SW ALJEZUR.POR,2026-08-28T10:22:20,2026-08-28T12:22:20,mbLg,
es2026qvcmv,28/08/2026,04:27:27,06:27:27,35.4825,-2.449,76.0,2.5,ALBORÁN SUR,2026-08-28T04:27:27,2026-08-28T06:27:27,mb,
es2026qvbeb,28/08/2026,03:46:56,05:46:56,37.1121,-3.5586,11.0,1.7,SE LA ZUBIA.GR,2026-08-28T03:46:56,2026-08-28T05:46:56,mbLg,
es2026qvagp,28/08/2026,03:19:35,04:19:35,28.6793,-16.294,8.0,1.7,ATLÁNTICO-CANARIAS,2026-08-28T03:19:35,2026-08-28T04:19:35,mbLg,
es2026quyte,28/08/2026,02:33:40,04:33:40,37.144,-3.5911,11.0,1.7,W HUÉTOR VEGA.GR,2026-08-28T02:33:40,2026-08-28T04:33:40,mbLg,
es2026quwvi,28/08/2026,01:35:31,03:35:31,37.1127,-3.5914,8.0,1.6,SW LA ZUBIA.GR,2026-08-28T01:35:31,2026-08-28T03:35:31,mbLg,
es2026quuvl,28/08/2026,00:35:04,02:35:04,37.1026,-3.5825,3.0,1.5,S LA ZUBIA.GR,2026-08-28T00:35:04,2026-08-28T02:35:04,mbLg,
es2026qwkin,28/08/2026,21:32:54,23:32:54,37.1301,-3.5845,2.0,1.9,N LA ZUBIA.GR,2026-08-28T21:32:54,2026-08-28T23:32:54,mbLg,Sentido
es2026qwiqt,28/08/2026,20:41:52,22:41:52,37.1406,-3.601,6.0,1.6,E ARMILLA.GR,2026-08-28T20:41:52,2026-08-28T22:41:52,mbLg,Sentido
es2026qwgdq,28/08/2026,19:26:13,21:26:13,37.1593,-3.6866,0.0,1.9,NW CÚLLAR VEGA.GR,2026-08-28T19:26:13,2026-08-28T21:26:13,mbLg,Sentido
es2026qwfot,28/08/2026,19:08:39,21:08:39,37.1598,-3.6543,0.0,2.4,NW CHURRIANA DE LA VEGA.GR,2026-08-28T19:08:39,2026-08-28T21:08:39,mbLg,Sentido
es2026qvjtz,28/08/2026,08:08:23,10:08:23,37.1501,-3.6513,0.0,1.8,W CHURRIANA DE LA VEGA.GR,2026-08-28T08:08:23,2026-08-28T10:08:23,mbLg,Sentido
es2026qvell,28/08/2026,05:26:29,06:26:29,28.1162,-15.6876,4.0,2.2,NE AGAETE.IGC,2026-08-28T05:26:29,2026-08-28T06:26:29,mbLg,II
es2026quxrn,28/08/2026,02:01:23,04:01:23,38.1467,-1.7173,0.0,3.1,NE CEHEGÍN.MU,2026-08-28T02:01:23,2026-08-28T04:01:23,mbLg,III
es2026orczs,28/07/2026,13:15:01,15:15:01,39.0729,-0.556,8.0,2.3,NE ALCÀNTERA DE XÚQUER.V,2026-07-28T13:15:01,2026-07-28T15:15:01,mbLg,II
es2026qutjw,27/08/2026,23:51:16,00:51:16,28.6624,-16.319,25.0,1.9,N TEGUESTE.ITF,2026-08-27T23:51:16,2026-08-27T00:51:16,mbLg,
es2026qurdm,27/08/2026,22:43:12,00:43:12,37.0886,-3.6147,5.0,1.6,E VILLA DE OTURA.GR,2026-08-27T22:43:12,2026-08-27T00:43:12,mbLg,
es2026quqrx,27/08/2026,22:29:41,00:29:41,38.4801,-1.2291,33.0,1.5,E JUMILLA.MU,2026-08-27T22:29:41,2026-08-27T00:29:41,mbLg,
es2026quqfu,27/08/2026,22:15:35,00:15:35,42.4092,-8.086,11.0,1.5,SW O CARBALLIÑO.OU,2026-08-27T22:15:35,2026-08-27T00:15:35,mbLg,
es2026quejc,27/08/2026,16:15:46,17:15:46,27.6924,-18.1353,20.0,1.9,SW FRONTERA.IHI,2026-08-27T16:15:46,2026-08-27T17:15:46,mbLg,
es2026qudnv,27/08/2026,15:50:57,17:50:57,37.1048,-3.5888,0.0,1.7,E GÓJAR.GR,2026-08-27T15:50:57,2026-08-27T17:50:57,mbLg,
es2026qtyio,27/08/2026,13:13:13,15:13:13,37.0968,-3.5881,4.0,1.6,SE GÓJAR.GR,2026-08-27T13:13:13,2026-08-27T15:13:13,mbLg,
es2026qtuxk,27/08/2026,11:29:20,12:29:20,28.8102,-16.3028,30.0,2.1,ATLÁNTICO-CANARIAS,2026-08-27T11:29:20,2026-08-27T12:29:20,mbLg,
es2026qttcs,27/08/2026,10:34:56,12:34:56,37.1109,-3.6277,0.0,1.5,E ALHENDÍN.GR,2026-08-27T10:34:56,2026-08-27T12:34:56,mbLg,
es2026qtspo,27/08/2026,10:19:35,12:19:35,37.3312,-8.5586,12.0,1.9,N MONCHIQUE.POR,2026-08-27T10:19:35,2026-08-27T12:19:35,mbLg,
es2026qtqnt,27/08/2026,09:16:51,11:16:51,37.4868,-7.6476,22.0,2.0,W ALCOUTIM.POR,2026-08-27T09:16:51,2026-08-27T11:16:51,mbLg,
es2026qtnge,27/08/2026,07:37:06,09:37:06,37.1093,-3.6373,0.0,1.6,E ALHENDÍN.GR,2026-08-27T07:37:06,2026-08-27T09:37:06,mbLg,
es2026qtlos,27/08/2026,06:46:29,07:46:29,28.1741,-16.1912,8.0,1.6,ATLÁNTICO-CANARIAS,2026-08-27T06:46:29,2026-08-27T07:46:29,mbLg,
es2026qtlgh,27/08/2026,06:36:39,08:36:39,36.6798,-11.0256,0.0,2.7,SW CABO DE SAN VICENTE,2026-08-27T06:36:39,2026-08-27T08:36:39,mbLg,
es2026qtjji,27/08/2026,05:39:31,07:39:31,37.118,-3.6245,5.0,1.6,W OGÍJARES.GR,2026-08-27T05:39:31,2026-08-27T07:39:31,mbLg,
es2026qtibn,27/08/2026,05:00:09,07:00:09,37.1047,-3.5978,5.0,1.7,E GÓJAR.GR,2026-08-27T05:00:09,2026-08-27T07:00:09,mbLg,
es2026qthvk,27/08/2026,04:53:02,06:53:02,37.0196,-2.5308,9.0,1.9,N SANTA FE DE MONDÚJAR.AL,2026-08-27T04:53:02,2026-08-27T06:53:02,mbLg,
es2026qtctc,27/08/2026,02:18:49,04:18:49,36.9809,-4.2823,13.0,1.5,W ALFARNATEJO.MA,2026-08-27T02:18:49,2026-08-27T04:18:49,mbLg,
es2026qszwl,27/08/2026,00:51:46,01:51:46,28.6875,-16.2863,34.0,1.6,ATLÁNTICO-CANARIAS,2026-08-27T00:51:46,2026-08-27T01:51:46,mbLg,
es2026qubjo,27/08/2026,14:45:23,16:45:23,37.1695,-3.6532,0.0,2.2,E VEGAS DEL GENIL.GR,2026-08-27T14:45:23,2026-08-27T16:45:23,mbLg,Sentido
es2026qtyxi,27/08/2026,13:30:31,15:30:31,37.1436,-3.6016,7.0,1.5,E ARMILLA.GR,2026-08-27T13:30:31,2026-08-27T15:30:31,mbLg,Sentido
es2026qttwl,27/08/2026,10:57:55,12:57:55,37.1091,-3.6031,0.0,1.6,NE GÓJAR.GR,2026-08-27T10:57:55,2026-08-27T12:57:55,mbLg,Sentido
es2026qtpbv,27/08/2026,08:32:39,10:32:39,37.1072,-3.6092,5.0,1.8,NW GÓJAR.GR,2026-08-27T08:32:39,2026-08-27T10:32:39,mbLg,Sentido
es2026qtmsp,27/08/2026,07:21:18,09:21:18,37.1042,-3.6284,0.0,2.4,NE VILLA DE OTURA.GR,2026-08-27T07:21:18,2026-08-27T09:21:18,mbLg,Sentido
es2026qtmfv,27/08/2026,07:07:16,09:07:16,37.133,-3.6169,0.0,2.1,SE ARMILLA.GR,2026-08-27T07:07:16,2026-08-27T09:07:16,mbLg,Sentido
es2026qtjtd,27/08/2026,05:52:06,07:52:06,37.1512,-3.6532,0.0,2.4,NW CHURRIANA DE LA VEGA.GR,2026-08-27T05:52:06,2026-08-27T07:52:06,mbLg,Sentido
es2026qtjkk,27/08/2026,05:41:21,07:41:21,37.1526,-3.6198,1.0,2.3,NE ARMILLA.GR,2026-08-27T05:41:21,2026-08-27T07:41:21,mbLg,Sentido
es2026opovn,27/07/2026,16:57:51,17:57:51,28.1131,-16.2073,27.0,3.1,ATLÁNTICO-CANARIAS,2026-07-27T16:57:51,2026-07-27T17:57:51,mbLg,II
es2026opwsr,27/07/2026,20:56:58,22:56:58,43.6915,-10.439,30.0,4.1,ATLÁNTICO-GALICIA,2026-07-27T20:56:58,2026-07-27T22:56:58,mbLg,
es2026bxigb,27/01/2026,23:41:03,00:41:03,36.6361,-7.588,25.0,3.6,GOLFO DE CÁDIZ,2026-01-27T23:41:03,2026-01-27T00:41:03,mbLg,
es2026swnhc,26/09/2026,09:57:40,10:57:40,28.0541,-16.1876,6.0,2.3,ATLÁNTICO-CANARIAS,2026-09-26T09:57:40,2026-09-26T10:57:40,mbLg,
es2026swaaj,26/09/2026,03:15:52,04:15:52,28.5914,-16.7624,0.0,1.9,ATLÁNTICO-CANARIAS,2026-09-26T03:15:52,2026-09-26T04:15:52,mbLg,
es2026svzjg,26/09/2026,02:55:52,03:55:52,28.6305,-17.8831,11.0,1.6,S EL PASO.ILP,2026-09-26T02:55:52,2026-09-26T03:55:52,mbLg,
es2026svxxu,26/09/2026,02:12:06,04:12:06,42.4905,5.4307,30.0,3.5,GOLFO DE LEÓN,2026-09-26T02:12:06,2026-09-26T04:12:06,mb,
es2026svunb,26/09/2026,00:28:48,02:28:48,37.8556,-2.4934,11.0,1.7,NE HUÉSCAR.GR,2026-09-26T00:28:48,2026-09-26T02:28:48,mbLg,
es2026swejz,26/09/2026,05:28:16,07:28:16,37.1037,-3.5945,9.0,1.9,E GÓJAR.GR,2026-09-26T05:28:16,2026-09-26T07:28:16,mbLg,III
es2026svxde,26/09/2026,01:48:13,03:48:13,37.1641,-3.6467,2.0,1.7,N CHURRIANA DE LA VEGA.GR,2026-09-26T01:48:13,2026-09-26T03:48:13,mbLg,II
es2026qsueu,26/08/2026,21:59:32,22:59:32,28.722,-16.3243,34.0,1.8,ATLÁNTICO-CANARIAS,2026-08-26T21:59:32,2026-08-26T22:59:32,mbLg,
es2026qsudo,26/08/2026,21:58:13,22:58:13,28.7812,-16.3004,40.0,1.6,ATLÁNTICO-CANARIAS,2026-08-26T21:58:13,2026-08-26T22:58:13,mbLg,
es2026qstzn,26/08/2026,21:53:25,22:53:25,28.8078,-16.3161,29.0,2.4,ATLÁNTICO-CANARIAS,2026-08-26T21:53:25,2026-08-26T22:53:25,mbLg,
es2026qstan,26/08/2026,21:24:22,22:24:22,28.6275,-16.3343,47.0,1.5,N TEGUESTE.ITF,2026-08-26T21:24:22,2026-08-26T22:24:22,mbLg,
es2026qsnxr,26/08/2026,18:49:31,20:49:31,37.1149,-3.5803,3.0,1.6,SE LA ZUBIA.GR,2026-08-26T18:49:31,2026-08-26T20:49:31,mbLg,
es2026qsmfr,26/08/2026,17:58:16,18:58:16,28.8273,-16.3017,16.0,2.8,ATLÁNTICO-CANARIAS,2026-08-26T17:58:16,2026-08-26T18:58:16,mbLg,
es2026qsmag,26/08/2026,17:51:44,18:51:44,28.7385,-16.3325,36.0,2.1,ATLÁNTICO-CANARIAS,2026-08-26T17:51:44,2026-08-26T18:51:44,mbLg,
es2026qslox,26/08/2026,17:39:54,19:39:54,37.1049,-3.6087,6.0,1.6,W GÓJAR.GR,2026-08-26T17:39:54,2026-08-26T19:39:54,mbLg,
es2026qshnt,26/08/2026,15:36:06,17:36:06,37.0921,-3.5606,9.0,1.6,SE LA ZUBIA.GR,2026-08-26T15:36:06,2026-08-26T17:36:06,mbLg,
es2026qsbed,26/08/2026,12:23:04,14:23:04,35.7947,-7.0857,20.0,2.6,GOLFO DE CÁDIZ,2026-08-26T12:23:04,2026-08-26T14:23:04,mbLg,
es2026qrxil,26/08/2026,10:26:51,12:26:51,37.0989,-4.2236,0.0,1.7,SW LOJA.GR,2026-08-26T10:26:51,2026-08-26T12:26:51,mbLg,
es2026qrskj,26/08/2026,07:57:33,09:57:33,37.4448,-7.7973,0.0,2.1,E ALMODOVAR.POR,2026-08-26T07:57:33,2026-08-26T09:57:33,mbLg,
es2026qrpnm,26/08/2026,06:30:16,08:30:16,36.314,-8.3774,6.0,2.3,GOLFO DE CÁDIZ,2026-08-26T06:30:16,2026-08-26T08:30:16,mbLg,
es2026qrpka,26/08/2026,06:26:16,08:26:16,34.3289,-5.8731,18.0,2.5,NE SIDI SLIMANE.MAC,2026-08-26T06:26:16,2026-08-26T08:26:16,mbLg,
es2026qrekm,26/08/2026,00:53:25,01:53:25,28.031,-16.1748,10.0,1.6,ATLÁNTICO-CANARIAS,2026-08-26T00:53:25,2026-08-26T01:53:25,mbLg,
es2026qsrnj,26/08/2026,20:39:53,22:39:53,37.133,-3.5839,8.0,1.4,W CÁJAR.GR,2026-08-26T20:39:53,2026-08-26T22:39:53,mbLg,Sentido
es2026qskfi,26/08/2026,16:57:11,17:57:11,28.7915,-16.3247,35.0,3.0,ATLÁNTICO-CANARIAS,2026-08-26T16:57:11,2026-08-26T17:57:11,mbLg,I-II
es2026qshjr,26/08/2026,15:31:20,17:31:20,42.7408,-6.9459,1.0,3.0,NW BALBOA.LE,2026-08-26T15:31:20,2026-08-26T17:31:20,mbLg,II-III
es2026qslns,26/08/2026,17:37:19,18:37:19,28.7704,-16.3439,34.0,3.6,ATLÁNTICO-CANARIAS,2026-08-26T17:37:19,2026-08-26T18:37:19,mbLg,II
es2026onnue,26/07/2026,14:11:56,16:11:56,37.1231,-3.6512,0.0,2.0,NW ALHENDÍN.GR,2026-07-26T14:11:56,2026-07-26T16:11:56,mbLg,II
es2026onidf,26/07/2026,11:18:42,13:18:42,37.136,-4.1171,0.0,1.6,SE LOJA.GR,2026-07-26T11:18:42,2026-07-26T13:18:42,mbLg,II
es2026onbaj,26/07/2026,07:43:13,09:43:13,43.1523,-8.6073,1.0,2.5,NW TORDOIA.C,2026-07-26T07:43:13,2026-07-26T09:43:13,mbLg,II
es2026onmtx,26/07/2026,13:39:28,15:39:28,37.134,-3.6318,0.0,3.6,SW ARMILLA.GR,2026-07-26T13:39:28,2026-07-26T15:39:28,Mw,IV
es2026svnia,25/09/2026,20:52:51,22:52:51,36.642,-11.3847,40.0,3.5,SW CABO DE SAN VICENTE,2026-09-25T20:52:51,2026-09-25T22:52:51,M(mb),
es2026svjas,25/09/2026,18:41:01,19:41:01,28.5599,-17.8402,14.0,1.6,NE FUENCALIENTE DE LA PALMA.IL,2026-09-25T18:41:01,2026-09-25T19:41:01,mbLg,
es2026svgqb,25/09/2026,17:28:39,19:28:39,36.9884,-4.8813,14.0,2.0,E TEBA.MA,2026-09-25T17:28:39,2026-09-25T19:28:39,mbLg,
es2026svgip,25/09/2026,17:19:16,19:19:16,37.006,-4.8546,9.0,1.7,S CAMPILLOS.MA,2026-09-25T17:19:16,2026-09-25T19:19:16,mbLg,
es2026sveai,25/09/2026,16:09:02,18:09:02,38.4297,-9.0252,2.0,1.8,E SESIMBRA.POR,2026-09-25T16:09:02,2026-09-25T18:09:02,mbLg,
es2026svdjl,25/09/2026,15:49:21,17:49:21,37.9018,-0.8904,16.0,1.5,NW SAN PEDRO DEL PINATAR.MU,2026-09-25T15:49:21,2026-09-25T17:49:21,mbLg,
es2026svaaf,25/09/2026,14:07:41,16:07:41,42.2266,-8.1154,22.0,1.8,SE A ARNOIA.OU,2026-09-25T14:07:41,2026-09-25T16:07:41,mbLg,
es2026suzyv,25/09/2026,14:06:05,16:06:05,42.2301,-8.0975,17.0,1.6,SE A ARNOIA.OU,2026-09-25T14:06:05,2026-09-25T16:06:05,mbLg,
es2026suzag,25/09/2026,13:37:24,15:37:24,36.4084,-9.6536,3.0,2.3,SW CABO DE SAN VICENTE,2026-09-25T13:37:24,2026-09-25T15:37:24,mbLg,
es2026suryt,25/09/2026,10:03:30,12:03:30,36.7805,-9.699,24.0,2.2,SW CABO DE SAN VICENTE,2026-09-25T10:03:30,2026-09-25T12:03:30,mbLg,
es2026stytj,25/09/2026,00:21:25,02:21:25,35.4796,-3.4842,34.0,2.0,ALBORÁN SUR,2026-09-25T00:21:25,2026-09-25T02:21:25,mbLg,
es2026svsks,25/09/2026,23:25:28,01:25:28,37.8608,-2.479,4.0,2.9,NE HUÉSCAR.GR,2026-09-25T23:25:28,2026-09-25T01:25:28,mbLg,II-III
es2026svmld,25/09/2026,20:24:06,22:24:06,37.1269,-3.6092,0.0,1.4,N OGÍJARES.GR,2026-09-25T20:24:06,2026-09-25T22:24:06,mbLg,III
es2026svcph,25/09/2026,15:26:28,17:26:28,37.1647,-3.6244,1.0,2.1,SW GRANADA.GR,2026-09-25T15:26:28,2026-09-25T17:26:28,mbLg,III
es2026sujoe,25/09/2026,05:49:35,07:49:35,37.1589,-3.6044,11.0,1.7,S GRANADA.GR,2026-09-25T05:49:35,2026-09-25T07:49:35,mbLg,II
es2026sucnx,25/09/2026,02:16:15,04:16:15,37.1198,-3.6045,8.0,1.2,E OGÍJARES.GR,2026-09-25T02:16:15,2026-09-25T04:16:15,mbLg,I-II
es2026subtf,25/09/2026,01:52:40,03:52:40,37.1159,-3.5886,7.0,1.4,SW LA ZUBIA.GR,2026-09-25T01:52:40,2026-09-25T03:52:40,mbLg,I-II
es2026suqaf,25/09/2026,09:04:36,11:04:36,37.9489,-0.9547,8.0,3.5,SE BENIEL.MU,2026-09-25T09:04:36,2026-09-25T11:04:36,mbLg,III-IV
es2026qqyxz,25/08/2026,22:07:17,23:07:17,28.0888,-16.306,37.0,1.7,ATLÁNTICO-CANARIAS,2026-08-25T22:07:17,2026-08-25T23:07:17,mbLg,
es2026qquqi,25/08/2026,19:57:08,21:57:08,37.2188,-3.5561,14.0,1.5,S VÍZNAR.GR,2026-08-25T19:57:08,2026-08-25T21:57:08,mbLg,
es2026qqulf,25/08/2026,19:51:11,21:51:11,34.3498,-5.8519,7.0,2.3,NE SIDI SLIMANE.MAC,2026-08-25T19:51:11,2026-08-25T21:51:11,mbLg,
es2026qqgbu,25/08/2026,12:35:52,14:35:52,37.2445,-3.7187,0.0,1.9,SE PINOS PUENTE.GR,2026-08-25T12:35:52,2026-08-25T14:35:52,mbLg,
es2026qqebz,25/08/2026,11:35:29,13:35:29,37.1456,-3.6395,1.0,1.8,SE CHURRIANA DE LA VEGA.GR,2026-08-25T11:35:29,2026-08-25T13:35:29,mbLg,
es2026qpzed,25/08/2026,09:06:29,11:06:29,36.9227,-8.6316,24.0,1.6,GOLFO DE CÁDIZ,2026-08-25T09:06:29,2026-08-25T11:06:29,mbLg,
es2026qpxtf,25/08/2026,08:23:25,10:23:25,38.0205,0.7696,4.0,2.4,MEDITERRÁNEO-LEVANTE SUR,2026-08-25T08:23:25,2026-08-25T10:23:25,mbLg,
es2026qpxfk,25/08/2026,08:08:09,10:08:09,37.1492,-3.598,3.0,1.6,W HUÉTOR VEGA.GR,2026-08-25T08:08:09,2026-08-25T10:08:09,mbLg,
es2026qpxcf,25/08/2026,08:03:37,10:03:37,35.0068,-5.4553,18.0,2.2,NW MOKRISSET.MAC,2026-08-25T08:03:37,2026-08-25T10:03:37,mbLg,
es2026qpwnf,25/08/2026,07:46:09,09:46:09,39.1517,-9.2316,0.0,1.9,NE TORRES VEDRAS.POR,2026-08-25T07:46:09,2026-08-25T09:46:09,mbLg,
es2026qpqxd,25/08/2026,04:55:52,06:55:52,36.7776,-7.2624,6.0,1.8,GOLFO DE CÁDIZ,2026-08-25T04:55:52,2026-08-25T06:55:52,mbLg,
es2026qpqfo,25/08/2026,04:35:20,06:35:20,34.3149,-5.8766,18.0,2.7,NE SIDI SLIMANE.MAC,2026-08-25T04:35:20,2026-08-25T06:35:20,mbLg,
es2026qppuo,25/08/2026,04:22:33,06:22:33,37.1084,-3.6128,0.0,1.5,NW GÓJAR.GR,2026-08-25T04:22:33,2026-08-25T06:22:33,mbLg,
es2026qpnme,25/08/2026,03:12:08,05:12:08,37.1545,-3.6157,5.0,1.5,NE ARMILLA.GR,2026-08-25T03:12:08,2026-08-25T05:12:08,mbLg,
es2026qplfo,25/08/2026,02:03:49,03:03:49,27.9654,-16.3119,20.0,1.8,ATLÁNTICO-CANARIAS,2026-08-25T02:03:49,2026-08-25T03:03:49,mbLg,
es2026qpjod,25/08/2026,01:13:11,03:13:11,40.4163,-1.1424,0.0,2.1,S CELADAS.TE,2026-08-25T01:13:11,2026-08-25T03:13:11,mbLg,
es2026qpind,25/08/2026,00:41:44,01:41:44,28.1039,-16.1676,9.0,1.5,ATLÁNTICO-CANARIAS,2026-08-25T00:41:44,2026-08-25T01:41:44,mbLg,
es2026qpidj,25/08/2026,00:30:22,02:30:22,39.0268,-2.6285,0.0,1.5,NW EL BONILLO.AB,2026-08-25T00:30:22,2026-08-25T02:30:22,mbLg,
es2026qqybo,25/08/2026,21:41:08,23:41:08,37.1728,-3.6449,8.0,1.7,E VEGAS DEL GENIL.GR,2026-08-25T21:41:08,2026-08-25T23:41:08,mbLg,Sentido
es2026qptrv,25/08/2026,06:20:35,08:20:35,37.1104,-3.5955,0.0,2.0,NE GÓJAR.GR,2026-08-25T06:20:35,2026-08-25T08:20:35,mbLg,Sentido
es2026iakxx,25/04/2026,01:12:59,03:12:59,42.7427,-7.2246,3.0,3.6,SE TRIACASTELA.LU,2026-04-25T01:12:59,2026-04-25T03:12:59,Mw,IV
es2026iakom,25/04/2026,01:02:00,03:02:00,42.7516,-7.2363,0.0,3.4,SE TRIACASTELA.LU,2026-04-25T01:02:00,2026-04-25T03:02:00,mbLg,III-IV
es2026stmtx,24/09/2026,18:18:21,20:18:21,40.2293,-0.9488,1.0,1.6,W LA PUEBLA DE VALVERDE.TE,2026-09-24T18:18:21,2026-09-24T20:18:21,mbLg,
es2026stlcm,24/09/2026,17:27:46,19:27:46,36.6357,-9.8065,23.0,3.0,SW CABO DE SAN VICENTE,2026-09-24T17:27:46,2026-09-24T19:27:46,mbLg,
es2026stkpy,24/09/2026,17:13:07,19:13:07,36.9197,-2.7626,1.0,1.6,S PADULES.AL,2026-09-24T17:13:07,2026-09-24T19:13:07,mbLg,
es2026stiwg,24/09/2026,16:19:50,18:19:50,37.0721,-9.205,35.0,2.4,ATLÁNTICO-PORTUGAL,2026-09-24T16:19:50,2026-09-24T18:19:50,mbLg,
es2026stgoc,24/09/2026,15:09:44,17:09:44,35.97,-4.6887,84.0,2.2,ALBORÁN OESTE,2026-09-24T15:09:44,2026-09-24T17:09:44,mb,
es2026stdhl,24/09/2026,13:31:01,15:31:01,36.7037,-7.6073,23.0,2.1,GOLFO DE CÁDIZ,2026-09-24T13:31:01,2026-09-24T15:31:01,mbLg,
es2026stark,24/09/2026,12:11:43,14:11:43,37.0902,-3.5725,9.0,1.5,NE DÍLAR.GR,2026-09-24T12:11:43,2026-09-24T14:11:43,mbLg,
es2026ssnjf,24/09/2026,05:28:11,07:28:11,34.3928,-6.038,9.0,2.7,NW SIDI SLIMANE.MAC,2026-09-24T05:28:11,2026-09-24T07:28:11,mbLg,
es2026ssjuz,24/09/2026,03:40:40,04:40:40,29.1585,-14.5829,17.0,2.3,ATLÁNTICO-CANARIAS,2026-09-24T03:40:40,2026-09-24T04:40:40,mbLg,
es2026ssibo,24/09/2026,02:47:42,04:47:42,35.8718,-9.9517,4.0,2.9,SW CABO DE SAN VICENTE,2026-09-24T02:47:42,2026-09-24T04:47:42,mbLg,
es2026ssgqe,24/09/2026,02:04:08,04:04:08,42.929,-0.8015,0.0,1.6,E UZTÁRROZ/UZTARROZE.NA,2026-09-24T02:04:08,2026-09-24T04:04:08,mbLg,
es2026sseix,24/09/2026,00:55:04,01:55:04,28.9752,-15.1337,10.0,2.5,ATLÁNTICO-CANARIAS,2026-09-24T00:55:04,2026-09-24T01:55:04,mbLg,
es2026ssmzt,24/09/2026,05:17:10,07:17:10,37.1027,-3.5798,4.0,1.5,SE LA ZUBIA.GR,2026-09-24T05:17:10,2026-09-24T07:17:10,mbLg,I-II
es2026sshjs,24/09/2026,02:26:55,04:26:55,40.1979,-0.8813,5.0,3.4,SE LA PUEBLA DE VALVERDE.TE,2026-09-24T02:26:55,2026-09-24T04:26:55,mbLg,III
es2025ssluy,24/09/2025,04:41:15,06:41:15,36.3084,-9.9801,25.0,4.0,SW CABO DE SAN VICENTE,2025-09-24T04:41:15,2025-09-24T06:41:15,mbLg,
es2026qompe,24/08/2026,13:37:22,15:37:22,37.8714,-6.7085,11.0,1.6,NE SANTA ANA LA REAL.H,2026-08-24T13:37:22,2026-08-24T15:37:22,mbLg,
es2026qpgrq,24/08/2026,23:47:33,01:47:33,37.1292,-3.6203,6.0,1.7,SE ARMILLA.GR,2026-08-24T23:47:33,2026-08-24T01:47:33,mbLg,
es2026qpfpy,24/08/2026,23:14:05,01:14:05,43.1237,-1.2368,12.0,1.6,S ST JEAN PIED DE PORT.FRA,2026-08-24T23:14:05,2026-08-24T01:14:05,mbLg,
es2026qpdkb,24/08/2026,22:06:36,00:06:36,34.4001,-5.5718,18.0,2.4,SE OULAD ALI.MAC,2026-08-24T22:06:36,2026-08-24T00:06:36,mbLg,
es2026qoqaq,24/08/2026,15:21:37,17:21:37,36.8344,-2.996,0.0,1.6,SW BERJA.AL,2026-08-24T15:21:37,2026-08-24T17:21:37,mbLg,
es2026qopnr,24/08/2026,15:06:32,17:06:32,36.8141,-2.9842,0.0,1.5,SW BERJA.AL,2026-08-24T15:06:32,2026-08-24T17:06:32,mbLg,
es2026qolxv,24/08/2026,13:17:07,15:17:07,42.708,-7.6906,7.0,2.0,E TABOADA.LU,2026-08-24T13:17:07,2026-08-24T15:17:07,mbLg,
es2026qohhk,24/08/2026,10:56:46,12:56:46,37.1087,-3.6069,4.0,1.7,N GÓJAR.GR,2026-08-24T10:56:46,2026-08-24T12:56:46,mbLg,
es2026qofwy,24/08/2026,10:14:14,12:14:14,37.1233,-3.6175,5.0,1.8,NW OGÍJARES.GR,2026-08-24T10:14:14,2026-08-24T12:14:14,mbLg,
es2026qofpf,24/08/2026,10:05:14,12:05:14,37.1409,-3.5632,7.0,1.6,SE HUÉTOR VEGA.GR,2026-08-24T10:05:14,2026-08-24T12:05:14,mbLg,
es2026qnyio,24/08/2026,06:25:21,08:25:21,42.4315,-8.104,0.0,1.8,W O CARBALLIÑO.OU,2026-08-24T06:25:21,2026-08-24T08:25:21,mbLg,
es2026qnwyh,24/08/2026,05:43:05,07:43:05,36.8221,-2.9688,0.0,1.6,SW BERJA.AL,2026-08-24T05:43:05,2026-08-24T07:43:05,mbLg,
es2026qntmt,24/08/2026,03:58:41,05:58:41,41.8442,2.766,9.0,1.6,W CALDES DE MALAVELLA.GI,2026-08-24T03:58:41,2026-08-24T05:58:41,mbLg,
es2026qnpfs,24/08/2026,01:49:16,03:49:16,37.0868,-3.533,6.0,1.7,S MONACHIL.GR,2026-08-24T01:49:16,2026-08-24T03:49:16,mbLg,
es2026qnpcs,24/08/2026,01:45:50,03:45:50,36.6022,-3.6162,16.0,2.0,ALBORÁN NORTE,2026-08-24T01:45:50,2026-08-24T03:45:50,mbLg,
es2026qnlum,24/08/2026,00:05:13,02:05:13,42.2855,1.2802,3.0,2.3,W LES VALLS D AGUILAR.L,2026-08-24T00:05:13,2026-08-24T02:05:13,mbLg,
es2026qoplv,24/08/2026,15:04:23,17:04:23,36.7938,-2.9737,7.0,2.3,SW BERJA.AL,2026-08-24T15:04:23,2026-08-24T17:04:23,mbLg,II
es2026qookl,24/08/2026,14:32:27,16:32:27,37.1223,-3.6052,5.0,1.8,NE OGÍJARES.GR,2026-08-24T14:32:27,2026-08-24T16:32:27,mbLg,Sentido
es2026qohwf,24/08/2026,11:14:02,13:14:02,36.5443,-4.4923,0.0,1.8,S TORREMOLINOS.MA,2026-08-24T11:14:02,2026-08-24T13:14:02,mbLg,II
es2026qnzzm,24/08/2026,07:15:23,09:15:23,37.1024,-3.6453,0.0,2.3,S ALHENDÍN.GR,2026-08-24T07:15:23,2026-08-24T09:15:23,mbLg,Sentido
es2026qnwhn,24/08/2026,05:23:30,07:23:30,37.1166,-3.6202,0.0,1.9,W OGÍJARES.GR,2026-08-24T05:23:30,2026-08-24T07:23:30,mbLg,Sentido
es2026qnslz,24/08/2026,03:27:50,05:27:50,37.1006,-3.6096,1.0,1.8,SW GÓJAR.GR,2026-08-24T03:27:50,2026-08-24T05:27:50,mbLg,Sentido
es2026qnquf,24/08/2026,02:36:37,04:36:37,37.1171,-3.6115,0.0,1.6,SW OGÍJARES.GR,2026-08-24T02:36:37,2026-08-24T04:36:37,mbLg,Sentido
es2026qnnqq,24/08/2026,01:01:22,03:01:22,37.1795,-3.6122,6.0,1.8,W GRANADA.GR,2026-08-24T01:01:22,2026-08-24T03:01:22,mbLg,Sentido
es2026hyvdp,24/04/2026,04:06:47,06:06:47,36.9486,-3.8069,12.0,3.5,E JAYENA.GR,2026-04-24T04:06:47,2026-04-24T06:06:47,mbLg,III-IV
es2026ssayz,23/09/2026,23:12:35,00:12:35,28.0893,-16.0557,36.0,1.5,ATLÁNTICO-CANARIAS,2026-09-23T23:12:35,2026-09-23T00:12:35,mbLg,
es2026ssawg,23/09/2026,23:09:24,01:09:24,38.7769,-7.901,17.0,1.6,NE ARRAIOLOS.POR,2026-09-23T23:09:24,2026-09-23T01:09:24,mbLg,
es2026ssagu,23/09/2026,22:51:23,00:51:23,35.5217,-3.4997,32.0,1.6,ALBORÁN SUR,2026-09-23T22:51:23,2026-09-23T00:51:23,mbLg,
es2026srwtr,23/09/2026,21:05:09,22:05:09,28.7427,-16.2656,34.0,2.0,ATLÁNTICO-CANARIAS,2026-09-23T21:05:09,2026-09-23T22:05:09,mbLg,
es2026srsra,23/09/2026,19:00:43,20:00:43,28.1294,-16.3066,13.0,1.6,ATLÁNTICO-CANARIAS,2026-09-23T19:00:43,2026-09-23T20:00:43,mbLg,
es2026srkmh,23/09/2026,14:52:53,16:52:53,37.0046,-4.7832,0.0,1.7,SE CAMPILLOS.MA,2026-09-23T14:52:53,2026-09-23T16:52:53,mbLg,
es2026sqspj,23/09/2026,05:50:55,07:50:55,37.0674,-3.8559,7.0,1.5,W VENTAS DE HUELMA.GR,2026-09-23T05:50:55,2026-09-23T07:50:55,mbLg,
es2026sqqkh,23/09/2026,04:44:24,06:44:24,41.9943,-8.0847,24.0,1.6,W LOBEIRA.OU,2026-09-23T04:44:24,2026-09-23T06:44:24,mbLg,
es2026sqozd,23/09/2026,04:01:04,06:01:04,35.4798,-3.6033,14.0,1.8,ALBORÁN SUR,2026-09-23T04:01:04,2026-09-23T06:01:04,mbLg,
es2026sqned,23/09/2026,03:06:17,05:06:17,37.3058,-8.4996,11.0,1.5,E MONCHIQUE.POR,2026-09-23T03:06:17,2026-09-23T05:06:17,mbLg,
es2026sqhtb,23/09/2026,00:21:50,02:21:50,35.5597,-3.5177,23.0,1.7,ALBORÁN SUR,2026-09-23T00:21:50,2026-09-23T02:21:50,mbLg,
es2026srwki,23/09/2026,20:54:17,22:54:17,37.1327,-3.6035,5.0,1.1,NE OGÍJARES.GR,2026-09-23T20:54:17,2026-09-23T22:54:17,mbLg,II
es2026srbqm,23/09/2026,10:26:22,12:26:22,37.1073,-3.5869,0.0,1.7,S LA ZUBIA.GR,2026-09-23T10:26:22,2026-09-23T12:26:22,mbLg,II
es2026qnkzy,23/08/2026,23:41:17,01:41:17,37.3712,-3.2753,8.0,1.5,NE DARRO.GR,2026-08-23T23:41:17,2026-08-23T01:41:17,mbLg,
es2026qngsz,23/08/2026,21:31:57,23:31:57,41.7857,2.7299,7.0,1.5,N MAÇANET DE LA SELVA.GI,2026-08-23T21:31:57,2026-08-23T23:31:57,mbLg,
es2026qnfsi,23/08/2026,21:00:52,23:00:52,37.0343,-3.451,4.0,1.5,NE NIGÜELAS.GR,2026-08-23T21:00:52,2026-08-23T23:00:52,mbLg,
es2026qncwx,23/08/2026,19:35:19,21:35:19,37.1554,-3.6426,6.0,1.5,NE CHURRIANA DE LA VEGA.GR,2026-08-23T19:35:19,2026-08-23T21:35:19,mbLg,
es2026qnath,23/08/2026,18:30:30,20:30:30,40.8663,-5.8967,10.0,1.9,S CALZADA DE DON DIEGO.SA,2026-08-23T18:30:30,2026-08-23T20:30:30,mbLg,
es2026qmzla,23/08/2026,17:50:33,19:50:33,42.8081,-9.1012,8.0,1.8,SW CARNOTA.C,2026-08-23T17:50:33,2026-08-23T19:50:33,mbLg,
es2026qmzfh,23/08/2026,17:45:56,18:45:56,28.1717,-16.198,24.0,1.7,ATLÁNTICO-CANARIAS,2026-08-23T17:45:56,2026-08-23T18:45:56,mbLg,
es2026qmwkw,23/08/2026,16:19:24,18:19:24,36.5343,-7.7181,15.0,2.7,GOLFO DE CÁDIZ,2026-08-23T16:19:24,2026-08-23T18:19:24,mbLg,
es2026qmvpo,23/08/2026,15:54:36,17:54:36,37.1322,-3.587,9.0,1.6,N LA ZUBIA.GR,2026-08-23T15:54:36,2026-08-23T17:54:36,mbLg,
es2026qmvhl,23/08/2026,15:45:08,17:45:08,37.1394,-3.5955,9.0,1.5,W HUÉTOR VEGA.GR,2026-08-23T15:45:08,2026-08-23T17:45:08,mbLg,
es2026qmvbt,23/08/2026,15:38:28,17:38:28,37.126,-3.5877,11.0,1.5,NW LA ZUBIA.GR,2026-08-23T15:38:28,2026-08-23T17:38:28,mbLg,
es2026qmunt,23/08/2026,15:22:10,17:22:10,38.8493,-3.0007,5.0,1.9,NW CARRIZOSA.CR,2026-08-23T15:22:10,2026-08-23T17:22:10,mbLg,
es2026qmrhf,23/08/2026,13:43:39,15:43:39,36.7061,-7.299,18.0,2.5,GOLFO DE CÁDIZ,2026-08-23T13:43:39,2026-08-23T15:43:39,mbLg,
es2026qmpxa,23/08/2026,13:01:27,15:01:27,42.8129,-7.2429,0.0,1.9,N TRIACASTELA.LU,2026-08-23T13:01:27,2026-08-23T15:01:27,mbLg,
es2026qmprg,23/08/2026,12:54:44,14:54:44,42.7896,-7.2296,9.0,1.9,NE TRIACASTELA.LU,2026-08-23T12:54:44,2026-08-23T14:54:44,mbLg,
es2026qmnkw,23/08/2026,11:46:41,13:46:41,40.4436,-0.1771,10.0,1.7,SW ARES DEL MAESTRAT.CS,2026-08-23T11:46:41,2026-08-23T13:46:41,mbLg,
es2026qmjnm,23/08/2026,09:48:28,11:48:28,36.627,-2.677,0.0,1.7,S LA MOJONERA.AL,2026-08-23T09:48:28,2026-08-23T11:48:28,mbLg,
es2026qlyon,23/08/2026,04:16:26,06:16:26,37.1533,-3.617,5.0,1.6,NE ARMILLA.GR,2026-08-23T04:16:26,2026-08-23T06:16:26,mbLg,
es2026qlvso,23/08/2026,02:50:02,03:50:02,27.8278,-15.3168,36.0,1.7,SE AGÜIMES.IGC,2026-08-23T02:50:02,2026-08-23T03:50:02,mbLg,
es2026qlvci,23/08/2026,02:32:08,04:32:08,37.1377,-3.6014,7.0,1.8,NE OGÍJARES.GR,2026-08-23T02:32:08,2026-08-23T04:32:08,mbLg,
es2026qlucl,23/08/2026,02:01:01,04:01:01,35.6281,-3.6659,3.0,1.8,ALBORÁN SUR,2026-08-23T02:01:01,2026-08-23T04:01:01,mbLg,
es2026qltqt,23/08/2026,01:47:23,03:47:23,36.9689,-7.4378,33.0,1.7,GOLFO DE CÁDIZ,2026-08-23T01:47:23,2026-08-23T03:47:23,mbLg,
es2026qlroj,23/08/2026,00:43:56,02:43:56,37.0956,-3.5707,5.0,1.7,SE LA ZUBIA.GR,2026-08-23T00:43:56,2026-08-23T02:43:56,mbLg,
es2026qmjcv,23/08/2026,09:36:05,11:36:05,37.1223,-3.6226,2.0,1.9,W OGÍJARES.GR,2026-08-23T09:36:05,2026-08-23T11:36:05,mbLg,Sentido
es2026qmiok,23/08/2026,09:19:14,11:19:14,37.1243,-3.6025,6.0,2.0,NE OGÍJARES.GR,2026-08-23T09:19:14,2026-08-23T11:19:14,mbLg,Sentido
es2026qmhrd,23/08/2026,08:52:14,10:52:14,37.1201,-3.5787,7.0,1.6,E LA ZUBIA.GR,2026-08-23T08:52:14,2026-08-23T10:52:14,mbLg,Sentido
es2026qmaid,23/08/2026,05:09:27,07:09:27,37.1422,-3.6429,1.0,1.7,SE CHURRIANA DE LA VEGA.GR,2026-08-23T05:09:27,2026-08-23T07:09:27,mbLg,Sentido
es2026qlxmf,23/08/2026,03:46:05,05:46:05,37.1137,-3.6102,6.0,1.8,S OGÍJARES.GR,2026-08-23T03:46:05,2026-08-23T05:46:05,mbLg,Sentido
es2026qlsjp,23/08/2026,01:09:30,03:09:30,37.1553,-3.5984,6.0,1.7,S GRANADA.GR,2026-08-23T01:09:30,2026-08-23T03:09:30,mbLg,Sentido
es2026mektq,23/06/2026,03:31:00,05:31:00,43.1221,-8.6207,3.0,3.3,NW TORDOIA.C,2026-06-23T03:31:00,2026-06-23T05:31:00,mbLg,IV
es2026jzqca,23/05/2026,01:37:35,03:37:35,35.8384,-7.5998,30.0,4.2,GOLFO DE CÁDIZ,2026-05-23T01:37:35,2026-05-23T03:37:35,mbLg,I-II
es2026spioj,22/09/2026,11:38:40,13:38:40,36.9298,-3.7695,22.0,2.2,SE JAYENA.GR,2026-09-22T11:38:40,2026-09-22T13:38:40,mbLg,
es2026sovme,22/09/2026,05:02:09,07:02:09,37.7575,-6.7737,9.0,1.7,SW SANTA ANA LA REAL.H,2026-09-22T05:02:09,2026-09-22T07:02:09,mbLg,
es2026sqfkf,22/09/2026,23:10:54,01:10:54,41.2184,-7.5238,0.0,1.5,SE SABROSA.POR,2026-09-22T23:10:54,2026-09-22T01:10:54,mbLg,
es2026sqekj,22/09/2026,22:40:48,00:40:48,41.2256,-7.5225,0.0,1.9,SE SABROSA.POR,2026-09-22T22:40:48,2026-09-22T00:40:48,mbLg,
es2026sqaes,22/09/2026,20:32:57,21:32:57,27.7224,-18.3191,30.0,2.0,W FRONTERA.IHI,2026-09-22T20:32:57,2026-09-22T21:32:57,mbLg,
es2026spxpn,22/09/2026,19:14:38,21:14:38,38.6663,-8.2174,0.0,1.5,N MONTEMOR-O-NOVO.POR,2026-09-22T19:14:38,2026-09-22T21:14:38,mbLg,
es2026spnju,22/09/2026,14:04:52,16:04:52,39.2639,-9.0491,3.0,2.9,NE CADAVAL.POR,2026-09-22T14:04:52,2026-09-22T16:04:52,mbLg,
es2026spkqy,22/09/2026,12:42:19,14:42:19,35.5162,-3.5315,15.0,2.1,ALBORÁN SUR,2026-09-22T12:42:19,2026-09-22T14:42:19,mbLg,
es2026spbax,22/09/2026,07:51:04,09:51:04,36.1396,-4.2522,0.0,2.2,ALBORÁN OESTE,2026-09-22T07:51:04,2026-09-22T09:51:04,mbLg,
es2026souiv,22/09/2026,04:27:57,06:27:57,37.0489,-13.3182,40.0,3.5,AZORES-CABO DE SAN VICENTE,2026-09-22T04:27:57,2026-09-22T06:27:57,M(mb),
es2026sotig,22/09/2026,03:56:56,05:56:56,41.9001,-7.1802,9.0,1.6,NW VINHAIS.POR,2026-09-22T03:56:56,2026-09-22T05:56:56,mbLg,
es2026soszs,22/09/2026,03:46:59,05:46:59,36.5075,-8.8632,6.0,1.9,GOLFO DE CÁDIZ,2026-09-22T03:46:59,2026-09-22T05:46:59,mbLg,
es2026sosun,22/09/2026,03:40:56,05:40:56,36.6742,-9.7528,17.0,2.1,SW CABO DE SAN VICENTE,2026-09-22T03:40:56,2026-09-22T05:40:56,mbLg,
es2026sospb,22/09/2026,03:34:35,04:34:35,27.9677,-16.2069,4.0,1.5,ATLÁNTICO-CANARIAS,2026-09-22T03:34:35,2026-09-22T04:34:35,mbLg,
es2026sopnn,22/09/2026,02:01:51,04:01:51,36.6444,-9.7863,14.0,2.6,SW CABO DE SAN VICENTE,2026-09-22T02:01:51,2026-09-22T04:01:51,mbLg,
es2026sooqd,22/09/2026,01:34:36,03:34:36,36.3725,-9.2352,1.0,2.0,SW CABO DE SAN VICENTE,2026-09-22T01:34:36,2026-09-22T03:34:36,mbLg,
es2026sqelw,22/09/2026,22:42:32,00:42:32,37.1098,-3.6112,0.0,1.4,NW GÓJAR.GR,2026-09-22T22:42:32,2026-09-22T00:42:32,mbLg,I-II
es2026spuqw,22/09/2026,17:45:18,19:45:18,37.1731,-3.6343,8.0,1.1,E VEGAS DEL GENIL.GR,2026-09-22T17:45:18,2026-09-22T19:45:18,mbLg,I-II
es2026spgkh,22/09/2026,10:33:19,12:33:19,37.1176,-3.6003,4.0,1.2,E OGÍJARES.GR,2026-09-22T10:33:19,2026-09-22T12:33:19,mbLg,I-II
es2026spfct,22/09/2026,09:54:14,11:54:14,37.1061,-3.6071,5.0,1.5,NW GÓJAR.GR,2026-09-22T09:54:14,2026-09-22T11:54:14,mbLg,II
es2026spcqo,22/09/2026,08:39:24,10:39:24,37.1025,-3.5894,8.0,1.3,E GÓJAR.GR,2026-09-22T08:39:24,2026-09-22T10:39:24,mbLg,I-II
es2026sozvv,22/09/2026,07:17:37,09:17:37,37.1442,-3.5901,0.0,1.7,W HUÉTOR VEGA.GR,2026-09-22T07:17:37,2026-09-22T09:17:37,mbLg,II
es2026soxla,22/09/2026,06:01:24,08:01:24,37.0913,-3.5918,3.0,1.9,SE GÓJAR.GR,2026-09-22T06:01:24,2026-09-22T08:01:24,mbLg,II
es2026souvv,22/09/2026,04:43:16,06:43:16,37.1519,-3.6475,4.0,1.8,NW CHURRIANA DE LA VEGA.GR,2026-09-22T04:43:16,2026-09-22T06:43:16,mbLg,II
es2026sorop,22/09/2026,03:03:44,05:03:44,37.1466,-3.605,3.0,1.0,NE ARMILLA.GR,2026-09-22T03:03:44,2026-09-22T05:03:44,mbLg,I-II
es2026qljrr,22/08/2026,20:45:22,21:45:22,27.8107,-18.1346,9.0,1.6,,2026-08-22T20:45:22,2026-08-22T21:45:22,,
es2026qlpdh,22/08/2026,23:30:28,01:30:28,36.5907,-9.7261,16.0,2.4,SW CABO DE SAN VICENTE,2026-08-22T23:30:28,2026-08-22T01:30:28,mbLg,
es2026qloki,22/08/2026,23:08:20,00:08:20,28.4937,-17.999,13.0,1.8,ATLÁNTICO-CANARIAS,2026-08-22T23:08:20,2026-08-22T00:08:20,mbLg,
es2026qlnfy,22/08/2026,22:32:55,00:32:55,36.985,-5.3219,3.0,2.0,NW OLVERA.CA,2026-08-22T22:32:55,2026-08-22T00:32:55,mbLg,
es2026qlmxo,22/08/2026,22:23:08,00:23:08,41.4223,-8.4511,0.0,1.8,E VILA NOVA DE FAMALICAO.POR,2026-08-22T22:23:08,2026-08-22T00:23:08,mbLg,
es2026qlapf,22/08/2026,16:09:43,18:09:43,37.1313,-3.5872,9.0,1.5,N LA ZUBIA.GR,2026-08-22T16:09:43,2026-08-22T18:09:43,mbLg,
es2026qkxxg,22/08/2026,14:48:12,16:48:12,43.1139,-0.4227,10.0,1.5,SW ARUDY.FRA,2026-08-22T14:48:12,2026-08-22T16:48:12,mbLg,
es2026qkxhh,22/08/2026,14:29:35,16:29:35,35.8991,-0.6356,13.0,2.0,MEDITERRÁNEO-ARGELIA,2026-08-22T14:29:35,2026-08-22T16:29:35,mbLg,
es2026qktks,22/08/2026,12:32:19,14:32:19,37.6632,-3.5813,6.0,2.5,SW CAMBIL.J,2026-08-22T12:32:19,2026-08-22T14:32:19,mbLg,
es2026qkrfh,22/08/2026,11:25:25,13:25:25,35.4223,-3.6193,15.0,2.0,ALBORÁN SUR,2026-08-22T11:25:25,2026-08-22T13:25:25,mbLg,
es2026qkmtg,22/08/2026,09:10:08,11:10:08,36.5833,-3.6241,0.0,2.0,ALBORÁN NORTE,2026-08-22T09:10:08,2026-08-22T11:10:08,mbLg,
es2026qkmbu,22/08/2026,08:49:48,,30.4374,-15.1671,30.0,2.9,"CANARY ISLANDS, SPAIN REG",2026-08-22T08:49:48,2026-08-22T08:49:48,mbLg,
es2026qkiis,22/08/2026,06:56:38,08:56:38,35.5356,-3.3893,43.0,2.0,ALBORÁN SUR,2026-08-22T06:56:38,2026-08-22T08:56:38,mbLg,
es2026qkejp,22/08/2026,04:56:27,06:56:27,36.3661,0.7783,17.0,2.2,NW CHLEF.ARG,2026-08-22T04:56:27,2026-08-22T06:56:27,mbLg,
es2026qlnze,22/08/2026,22:55:21,00:55:21,37.1378,-3.6141,3.0,1.7,E ARMILLA.GR,2026-08-22T22:55:21,2026-08-22T00:55:21,mbLg,Sentido
es2026qljoo,22/08/2026,20:41:44,22:41:44,37.1316,-3.6267,2.0,1.6,S ARMILLA.GR,2026-08-22T20:41:44,2026-08-22T22:41:44,mbLg,Sentido
es2026qlbew,22/08/2026,16:28:00,18:28:00,37.126,-3.608,1.0,1.6,N OGÍJARES.GR,2026-08-22T16:28:00,2026-08-22T18:28:00,mbLg,Sentido
es2026qkyyy,22/08/2026,15:21:25,17:21:25,37.115,-3.6495,0.0,1.7,NW ALHENDÍN.GR,2026-08-22T15:21:25,2026-08-22T17:21:25,mbLg,Sentido
es2026qkeri,22/08/2026,05:05:26,07:05:26,42.4634,-7.1866,0.0,1.8,E QUIROGA.LU,2026-08-22T05:05:26,2026-08-22T07:05:26,mbLg,II
es2026qkcyd,22/08/2026,04:12:47,06:12:47,37.1044,-3.597,2.0,1.8,E GÓJAR.GR,2026-08-22T04:12:47,2026-08-22T06:12:47,mbLg,Sentido
es2026qkbnj,22/08/2026,03:30:07,05:30:07,37.1454,-3.651,0.0,1.6,SW CHURRIANA DE LA VEGA.GR,2026-08-22T03:30:07,2026-08-22T05:30:07,mbLg,Sentido
es2026ofeko,22/07/2026,00:22:04,02:22:04,38.499,-7.9037,11.0,3.8,S EVORA.POR,2026-07-22T00:22:04,2026-07-22T02:22:04,mbLg,II-III
es2026jyiuo,22/05/2026,08:50:20,09:50:20,28.713,-15.2282,30.0,4.6,ATLÁNTICO-CANARIAS,2026-05-22T08:50:20,2026-05-22T09:50:20,Mw,III
es2026sokvj,21/09/2026,23:39:29,01:39:29,36.7348,-7.1483,1.0,1.6,GOLFO DE CÁDIZ,2026-09-21T23:39:29,2026-09-21T01:39:29,mbLg,
es2026sokmh,21/09/2026,23:28:54,01:28:54,36.8171,-7.1168,1.0,1.7,GOLFO DE CÁDIZ,2026-09-21T23:28:54,2026-09-21T01:28:54,mbLg,
es2026sojze,21/09/2026,23:13:35,01:13:35,36.6275,-9.7882,7.0,1.9,SW CABO DE SAN VICENTE,2026-09-21T23:13:35,2026-09-21T01:13:35,mbLg,
es2026sojfp,21/09/2026,22:50:47,00:50:47,35.6146,-3.5748,0.0,1.6,ALBORÁN SUR,2026-09-21T22:50:47,2026-09-21T00:50:47,mbLg,
es2026sogyb,21/09/2026,21:41:26,23:41:26,41.8562,4.4215,0.0,2.9,GOLFO DE LEÓN,2026-09-21T21:41:26,2026-09-21T23:41:26,mbLg,
es2026snyrs,21/09/2026,17:31:37,19:31:37,32.8027,-5.2513,22.0,2.9,SE KHENIFRA.MAC,2026-09-21T17:31:37,2026-09-21T19:31:37,M(mb),
es2026snkqw,21/09/2026,10:26:15,12:26:15,38.1742,-1.0333,26.0,1.5,SE ABANILLA.MU,2026-09-21T10:26:15,2026-09-21T12:26:15,mbLg,
es2026snewj,21/09/2026,07:30:47,09:30:47,41.9121,-7.1819,0.0,1.9,E VILARDEVÓS.OU,2026-09-21T07:30:47,2026-09-21T09:30:47,mbLg,
es2026smzit,21/09/2026,04:43:23,05:43:23,28.7555,-16.3279,37.0,1.9,ATLÁNTICO-CANARIAS,2026-09-21T04:43:23,2026-09-21T05:43:23,mbLg,
es2026smusc,21/09/2026,02:22:51,04:22:51,35.6173,-0.6465,27.0,2.5,S ORAN.ARG,2026-09-21T02:22:51,2026-09-21T04:22:51,mbLg,
es2026smtto,21/09/2026,01:54:12,03:54:12,36.0352,-6.4813,13.0,2.4,GOLFO DE CÁDIZ,2026-09-21T01:54:12,2026-09-21T03:54:12,mbLg,
es2026snqaa,21/09/2026,13:08:27,15:08:27,37.1319,-3.5785,9.0,1.5,SW CÁJAR.GR,2026-09-21T13:08:27,2026-09-21T15:08:27,mbLg,I-II
es2026snpyq,21/09/2026,13:06:49,15:06:49,37.1791,-3.6373,8.0,1.5,E VEGAS DEL GENIL.GR,2026-09-21T13:06:49,2026-09-21T15:06:49,mbLg,I-II
es2026snpek,21/09/2026,12:43:12,14:43:12,37.1786,-3.6044,8.0,1.5,NW GRANADA.GR,2026-09-21T12:43:12,2026-09-21T14:43:12,mbLg,II
es2026snmhj,21/09/2026,11:15:47,13:15:47,37.1211,-3.593,2.0,1.7,W LA ZUBIA.GR,2026-09-21T11:15:47,2026-09-21T13:15:47,mbLg,II
es2026sngwk,21/09/2026,08:31:29,10:31:29,37.1676,-3.6157,3.0,1.0,SW GRANADA.GR,2026-09-21T08:31:29,2026-09-21T10:31:29,mbLg,I-II
es2026smqmn,21/09/2026,00:15:00,02:15:00,37.1823,-3.6195,8.0,1.1,NW GRANADA.GR,2026-09-21T00:15:00,2026-09-21T02:15:00,mbLg,I-II
es2026smqlg,21/09/2026,00:13:32,02:13:32,37.0917,-3.6272,0.0,1.3,E VILLA DE OTURA.GR,2026-09-21T00:13:32,2026-09-21T02:13:32,mbLg,II
es2025solil,21/09/2025,23:54:43,01:54:43,35.4869,-3.5941,18.0,3.8,ALBORÁN SUR,2025-09-21T23:54:43,2025-09-21T01:54:43,mbLg,III
es2026qjrxb,21/08/2026,22:38:09,00:38:09,37.1489,-3.6525,0.0,1.5,W CHURRIANA DE LA VEGA.GR,2026-08-21T22:38:09,2026-08-21T00:38:09,mbLg,
es2026qjqwo,21/08/2026,22:07:14,23:07:14,28.5617,-17.818,16.0,2.2,SW VILLA DE MAZO.ILP,2026-08-21T22:07:14,2026-08-21T23:07:14,mbLg,
es2026qjpci,21/08/2026,21:13:32,23:13:32,37.0953,-3.6252,1.0,1.8,E VILLA DE OTURA.GR,2026-08-21T21:13:32,2026-08-21T23:13:32,mbLg,
es2026qjoyt,21/08/2026,21:09:10,23:09:10,37.131,-3.6123,2.0,1.5,N OGÍJARES.GR,2026-08-21T21:09:10,2026-08-21T23:09:10,mbLg,
es2026qjouv,21/08/2026,21:04:35,23:04:35,37.1203,-3.5972,4.0,1.5,E OGÍJARES.GR,2026-08-21T21:04:35,2026-08-21T23:04:35,mbLg,
es2026qjnst,21/08/2026,20:31:49,22:31:49,36.0416,-4.0982,0.0,2.2,ALBORÁN OESTE,2026-08-21T20:31:49,2026-08-21T22:31:49,mbLg,
es2026qjkzx,21/08/2026,19:09:13,21:09:13,34.58,-10.6527,26.0,3.3,SW CABO DE SAN VICENTE,2026-08-21T19:09:13,2026-08-21T21:09:13,M(mb),
es2026qjhcv,21/08/2026,17:11:28,19:11:28,40.2906,-8.4223,8.0,1.7,E ANCA.POR,2026-08-21T17:11:28,2026-08-21T19:11:28,mbLg,
es2026qjggp,21/08/2026,16:45:35,18:45:35,37.1308,-3.5951,6.0,1.6,NW LA ZUBIA.GR,2026-08-21T16:45:35,2026-08-21T18:45:35,mbLg,
es2026qjgfx,21/08/2026,16:44:46,18:44:46,37.1214,-3.5864,9.0,1.7,NW LA ZUBIA.GR,2026-08-21T16:44:46,2026-08-21T18:44:46,mbLg,
es2026qjgfy,21/08/2026,16:44:46,18:44:46,37.1214,-3.5864,9.0,1.7,NW LA ZUBIA.GR,2026-08-21T16:44:46,2026-08-21T18:44:46,mbLg,
es2026qjaww,21/08/2026,14:02:41,16:02:41,37.1132,-3.5634,9.0,1.6,SE LA ZUBIA.GR,2026-08-21T14:02:41,2026-08-21T16:02:41,mbLg,
es2026qizpp,21/08/2026,13:23:54,15:23:54,37.1354,-3.5878,11.0,1.6,W CÁJAR.GR,2026-08-21T13:23:54,2026-08-21T15:23:54,mbLg,
es2026qizjv,21/08/2026,13:18:18,15:18:18,37.1624,-3.6072,6.0,1.6,SW GRANADA.GR,2026-08-21T13:18:18,2026-08-21T15:18:18,mbLg,
es2026qiygf,21/08/2026,12:42:38,14:42:38,37.1232,-3.5672,7.0,1.5,SE CÁJAR.GR,2026-08-21T12:42:38,2026-08-21T14:42:38,mbLg,
es2026qiwfx,21/08/2026,11:41:40,13:41:40,32.2868,-6.2061,5.0,3.4,SE BENI MELLAL.MAC,2026-08-21T11:41:40,2026-08-21T13:41:40,M(mb),
es2026qivoy,21/08/2026,11:21:54,13:21:54,37.0937,-3.5667,8.0,1.5,SE LA ZUBIA.GR,2026-08-21T11:21:54,2026-08-21T13:21:54,mbLg,
es2026qivmq,21/08/2026,11:19:13,13:19:13,37.1444,-3.5881,10.0,1.5,W HUÉTOR VEGA.GR,2026-08-21T11:19:13,2026-08-21T13:19:13,mbLg,
es2026qiuiw,21/08/2026,10:44:31,12:44:31,37.1265,-3.5923,4.0,1.5,NW LA ZUBIA.GR,2026-08-21T10:44:31,2026-08-21T12:44:31,mbLg,
es2026qisrp,21/08/2026,09:54:03,11:54:03,37.1032,-3.5802,4.0,1.5,SE LA ZUBIA.GR,2026-08-21T09:54:03,2026-08-21T11:54:03,mbLg,
es2026qirml,21/08/2026,09:17:45,11:17:45,42.8627,-0.5282,4.0,2.1,SW LARUNS.FRA,2026-08-21T09:17:45,2026-08-21T11:17:45,mbLg,
es2026qirfw,21/08/2026,09:10:06,11:10:06,37.1515,-3.6284,6.0,1.6,N ARMILLA.GR,2026-08-21T09:10:06,2026-08-21T11:10:06,mbLg,
es2026qiqzo,21/08/2026,09:02:48,11:02:48,37.1449,-3.5986,7.0,1.6,W HUÉTOR VEGA.GR,2026-08-21T09:02:48,2026-08-21T11:02:48,mbLg,
es2026qipcg,21/08/2026,08:05:16,10:05:16,40.4366,-0.1087,5.0,2.0,SE ARES DEL MAESTRAT.CS,2026-08-21T08:05:16,2026-08-21T10:05:16,mbLg,
es2026qiizf,21/08/2026,04:59:52,06:59:52,35.5139,-3.6287,20.0,1.8,ALBORÁN SUR,2026-08-21T04:59:52,2026-08-21T06:59:52,mbLg,
es2026qihol,21/08/2026,04:17:02,05:17:02,28.121,-14.3362,15.0,2.3,SW PÁJARA.IFV,2026-08-21T04:17:02,2026-08-21T05:17:02,mbLg,
es2026qihli,21/08/2026,04:13:24,06:13:24,37.1024,-3.5853,4.0,1.6,E GÓJAR.GR,2026-08-21T04:13:24,2026-08-21T06:13:24,mbLg,
es2026qihke,21/08/2026,04:12:04,06:12:04,42.238,-7.972,0.0,1.6,NE CARTELLE.OU,2026-08-21T04:12:04,2026-08-21T06:12:04,mbLg,
es2026qihjv,21/08/2026,04:11:39,06:11:39,37.1549,-3.6421,0.0,1.8,NE CHURRIANA DE LA VEGA.GR,2026-08-21T04:11:39,2026-08-21T06:11:39,mbLg,
es2026qifor,21/08/2026,03:16:42,05:16:42,37.1383,-3.5967,4.0,1.7,NW LA ZUBIA.GR,2026-08-21T03:16:42,2026-08-21T05:16:42,mbLg,
es2026qifcj,21/08/2026,03:02:20,05:02:20,38.7713,-3.0931,12.0,1.8,NE ALCUBILLAS.CR,2026-08-21T03:02:20,2026-08-21T05:02:20,mbLg,
es2026qifce,21/08/2026,03:02:02,05:02:02,36.3273,-9.8993,17.0,2.9,SW CABO DE SAN VICENTE,2026-08-21T03:02:02,2026-08-21T05:02:02,mbLg,
es2026qidsu,21/08/2026,02:20:53,03:20:53,28.0639,-16.2493,3.0,1.7,ATLÁNTICO-CANARIAS,2026-08-21T02:20:53,2026-08-21T03:20:53,mbLg,
es2026qiauy,21/08/2026,00:52:27,02:52:27,41.2058,-6.9345,10.0,1.5,E TORRE DE MONCORVO.POR,2026-08-21T00:52:27,2026-08-21T02:52:27,mbLg,
es2026qicwj,21/08/2026,01:54:44,03:54:44,37.1322,-3.6289,1.0,1.6,S ARMILLA.GR,2026-08-21T01:54:44,2026-08-21T03:54:44,mbLg,Sentido
es2026qjnwa,21/08/2026,20:36:36,22:36:36,37.123,-3.6288,2.0,2.5,W OGÍJARES.GR,2026-08-21T20:36:36,2026-08-21T22:36:36,mbLg,Sentido
es2026qjjcx,21/08/2026,18:12:10,20:12:10,37.1101,-3.5668,7.0,1.6,SE LA ZUBIA.GR,2026-08-21T18:12:10,2026-08-21T20:12:10,mbLg,Sentido
es2026qixma,21/08/2026,12:19:07,14:19:07,37.1395,-3.6122,3.0,2.1,E ARMILLA.GR,2026-08-21T12:19:07,2026-08-21T14:19:07,mbLg,Sentido
es2026qixiw,21/08/2026,12:16:49,14:16:49,37.1268,-3.5943,0.0,2.5,NW LA ZUBIA.GR,2026-08-21T12:16:49,2026-08-21T14:16:49,mbLg,Sentido
es2026qirgk,21/08/2026,09:10:42,11:10:42,37.1466,-3.6359,5.0,2.1,E CHURRIANA DE LA VEGA.GR,2026-08-21T09:10:42,2026-08-21T11:10:42,mbLg,Sentido
es2026qigmi,21/08/2026,03:44:15,05:44:15,37.1209,-3.6017,0.0,2.4,E OGÍJARES.GR,2026-08-21T03:44:15,2026-08-21T05:44:15,mbLg,Sentido
es2026qiebr,21/08/2026,02:31:14,04:31:14,37.1104,-3.6516,0.0,1.9,NW ALHENDÍN.GR,2026-08-21T02:31:14,2026-08-21T04:31:14,mbLg,Sentido
es2026qidfy,21/08/2026,02:05:53,04:05:53,37.1425,-3.6356,0.0,2.2,W ARMILLA.GR,2026-08-21T02:05:53,2026-08-21T04:05:53,mbLg,Sentido
es2026jwibl,21/05/2026,06:09:43,08:09:43,36.3197,-9.9039,40.0,3.8,SW CABO DE SAN VICENTE,2026-05-21T06:09:43,2026-05-21T08:09:43,mbLg,
es2025yvyxg,20/12/2025,11:28:27,12:28:27,43.0527,-0.708,0.0,3.6,SW OLORON STE MARIE.FRA,2025-12-20T11:28:27,2025-12-20T12:28:27,mbLg,
es2026smojj,20/09/2026,23:10:44,01:10:44,35.583,-3.456,31.0,1.8,ALBORÁN SUR,2026-09-20T23:10:44,2026-09-20T01:10:44,mbLg,
es2026smohl,20/09/2026,23:08:28,01:08:28,35.5765,-3.5187,30.0,2.1,ALBORÁN SUR,2026-09-20T23:08:28,2026-09-20T01:08:28,mbLg,
es2026smfxp,20/09/2026,18:54:33,19:54:33,28.8451,-16.7912,59.0,1.6,ATLÁNTICO-CANARIAS,2026-09-20T18:54:33,2026-09-20T19:54:33,mbLg,
es2026smeye,20/09/2026,18:24:54,20:24:54,37.1307,-3.6242,11.0,1.5,SE ARMILLA.GR,2026-09-20T18:24:54,2026-09-20T20:24:54,mbLg,
es2026smedv,20/09/2026,18:01:13,20:01:13,42.7332,-9.1869,2.0,1.5,SW MUROS.C,2026-09-20T18:01:13,2026-09-20T20:01:13,mbLg,
es2026slztd,20/09/2026,15:47:30,17:47:30,40.3976,-3.6416,0.0,2.0,E MADRID.M,2026-09-20T15:47:30,2026-09-20T17:47:30,mbLg,
es2026slxnd,20/09/2026,14:40:18,16:40:18,38.5571,-9.1228,4.0,2.4,SW SEIXAL.POR,2026-09-20T14:40:18,2026-09-20T16:40:18,mbLg,
es2026sltmz,20/09/2026,12:38:29,14:38:29,37.0745,-2.386,0.0,2.0,N TABERNAS.AL,2026-09-20T12:38:29,2026-09-20T14:38:29,mbLg,
es2026slqmv,20/09/2026,11:07:23,13:07:23,43.1434,-0.6242,9.0,1.5,SW OLORON STE MARIE.FRA,2026-09-20T11:07:23,2026-09-20T13:07:23,mbLg,
es2026slmfg,20/09/2026,08:57:20,10:57:20,36.9425,-8.6439,19.0,1.8,GOLFO DE CÁDIZ,2026-09-20T08:57:20,2026-09-20T10:57:20,mbLg,
es2026slkqc,20/09/2026,08:09:20,10:09:20,38.2044,-2.3201,1.0,2.4,NW NERPIO.AB,2026-09-20T08:09:20,2026-09-20T10:09:20,mbLg,
es2026slhnu,20/09/2026,06:35:45,08:35:45,35.0989,-6.2499,42.0,2.6,NW BARRHA.MAC,2026-09-20T06:35:45,2026-09-20T08:35:45,mbLg,
es2026slgdo,20/09/2026,05:53:31,07:53:31,43.0817,-0.2372,1.0,1.5,S NAY.FRA,2026-09-20T05:53:31,2026-09-20T07:53:31,mbLg,
es2026slgcd,20/09/2026,05:51:51,07:51:51,43.1039,-0.2126,2.0,1.6,SE NAY.FRA,2026-09-20T05:51:51,2026-09-20T07:51:51,mbLg,
es2026sldxb,20/09/2026,04:45:20,06:45:20,35.4889,-3.607,18.0,2.0,ALBORÁN SUR,2026-09-20T04:45:20,2026-09-20T06:45:20,mbLg,
es2026sldcz,20/09/2026,04:21:56,06:21:56,35.8577,-7.529,33.0,2.7,GOLFO DE CÁDIZ,2026-09-20T04:21:56,2026-09-20T06:21:56,mbLg,
es2026skysw,20/09/2026,02:08:54,04:08:54,36.269,-10.736,0.0,2.7,SW CABO DE SAN VICENTE,2026-09-20T02:08:54,2026-09-20T04:08:54,mbLg,
es2026smhpb,20/09/2026,19:45:49,21:45:49,37.2162,-3.7402,11.0,1.5,NE CHAUCHINA.GR,2026-09-20T19:45:49,2026-09-20T21:45:49,mbLg,I-II
es2026slojq,20/09/2026,10:03:02,12:03:02,37.1791,-3.6382,12.0,1.7,E VEGAS DEL GENIL.GR,2026-09-20T10:03:02,2026-09-20T12:03:02,mbLg,II
es2026slnag,20/09/2026,09:21:49,11:21:49,37.2376,-3.6971,1.0,1.1,NW ATARFE.GR,2026-09-20T09:21:49,2026-09-20T11:21:49,mbLg,II
es2026slins,20/09/2026,07:05:57,09:05:57,37.1243,-3.6038,3.0,0.9,NE OGÍJARES.GR,2026-09-20T07:05:57,2026-09-20T09:05:57,mbLg,I-II
es2026slcul,20/09/2026,04:11:58,06:11:58,37.1164,-3.5775,6.0,1.4,SE LA ZUBIA.GR,2026-09-20T04:11:58,2026-09-20T06:11:58,mbLg,I-II
es2025skxxu,20/09/2025,01:44:02,,30.8087,-16.1449,50.0,3.6,"CANARY ISLANDS, SPAIN REG",2025-09-20T01:44:02,2025-09-20T01:44:02,mbLg,
es2026qhxwp,20/08/2026,23:23:28,01:23:28,36.7085,-5.3764,3.0,1.6,NE VILLALUENGA DEL ROSARIO.CA,2026-08-20T23:23:28,2026-08-20T01:23:28,mbLg,
es2026qhnoe,20/08/2026,18:10:34,20:10:34,37.1497,-3.6163,6.0,1.6,NE ARMILLA.GR,2026-08-20T18:10:34,2026-08-20T20:10:34,mbLg,
es2026qhmte,20/08/2026,17:46:04,19:46:04,37.1416,-3.6412,10.0,1.6,SE CHURRIANA DE LA VEGA.GR,2026-08-20T17:46:04,2026-08-20T19:46:04,mbLg,
es2026qhljb,20/08/2026,17:04:15,19:04:15,37.1174,-3.5922,8.0,1.7,SW LA ZUBIA.GR,2026-08-20T17:04:15,2026-08-20T19:04:15,mbLg,
es2026qhjta,20/08/2026,16:15:00,18:15:00,43.0564,-0.6162,8.0,1.6,S OLORON STE MARIE.FRA,2026-08-20T16:15:00,2026-08-20T18:15:00,mbLg,
es2026qhjju,20/08/2026,16:04:13,18:04:13,37.113,-3.5875,4.0,1.6,SW LA ZUBIA.GR,2026-08-20T16:04:13,2026-08-20T18:04:13,mbLg,
es2026qhieu,20/08/2026,15:28:04,17:28:04,37.1051,-3.5941,11.0,1.5,E GÓJAR.GR,2026-08-20T15:28:04,2026-08-20T17:28:04,mbLg,
es2026qhhyl,20/08/2026,15:21:11,17:21:11,37.1419,-3.6057,5.0,1.5,E ARMILLA.GR,2026-08-20T15:21:11,2026-08-20T17:21:11,mbLg,
es2026qhhjl,20/08/2026,15:03:13,17:03:13,37.147,-3.6109,11.0,1.6,NE ARMILLA.GR,2026-08-20T15:03:13,2026-08-20T17:03:13,mbLg,
es2026qhfsa,20/08/2026,14:12:35,16:12:35,37.1174,-3.6279,1.0,1.7,W OGÍJARES.GR,2026-08-20T14:12:35,2026-08-20T16:12:35,mbLg,
es2026qhezu,20/08/2026,13:51:20,15:51:20,37.1626,-3.5878,8.0,1.5,SE GRANADA.GR,2026-08-20T13:51:20,2026-08-20T15:51:20,mbLg,
es2026qhesm,20/08/2026,13:42:48,15:42:48,37.2069,-3.6848,2.0,1.6,S ATARFE.GR,2026-08-20T13:42:48,2026-08-20T15:42:48,mbLg,
es2026qhend,20/08/2026,13:36:37,15:36:37,37.1131,-3.609,0.0,1.7,S OGÍJARES.GR,2026-08-20T13:36:37,2026-08-20T15:36:37,mbLg,
es2026qhcva,20/08/2026,12:45:09,14:45:09,37.1104,-3.5873,7.0,1.5,S LA ZUBIA.GR,2026-08-20T12:45:09,2026-08-20T14:45:09,mbLg,
es2026qgwno,20/08/2026,09:34:38,11:34:38,37.1369,-3.6126,9.0,1.5,E ARMILLA.GR,2026-08-20T09:34:38,2026-08-20T11:34:38,mbLg,
es2026qgsga,20/08/2026,07:24:33,09:24:33,34.3397,-5.8382,10.0,3.2,NE SIDI SLIMANE.MAC,2026-08-20T07:24:33,2026-08-20T09:24:33,mbLg,
es2026qgrwi,20/08/2026,07:13:19,09:13:19,37.1023,-3.5996,6.0,1.7,SE GÓJAR.GR,2026-08-20T07:13:19,2026-08-20T09:13:19,mbLg,
es2026qgpss,20/08/2026,06:08:27,08:08:27,37.1363,-3.5767,9.0,1.6,NW CÁJAR.GR,2026-08-20T06:08:27,2026-08-20T08:08:27,mbLg,
es2026qgpdb,20/08/2026,05:50:15,07:50:15,37.1688,-3.628,10.0,1.6,SW GRANADA.GR,2026-08-20T05:50:15,2026-08-20T07:50:15,mbLg,
es2026qgmqz,20/08/2026,04:35:33,05:35:33,29.0649,-16.0358,2.0,2.1,ATLÁNTICO-CANARIAS,2026-08-20T04:35:33,2026-08-20T05:35:33,mbLg,
es2026qgmkt,20/08/2026,04:28:17,06:28:17,37.5078,-3.6953,18.0,2.0,W MONTILLANA.GR,2026-08-20T04:28:17,2026-08-20T06:28:17,mbLg,
es2026qgiik,20/08/2026,02:24:17,04:24:17,37.1031,-3.5976,3.0,1.5,E GÓJAR.GR,2026-08-20T02:24:17,2026-08-20T04:24:17,mbLg,
es2026qgflp,20/08/2026,00:57:06,02:57:06,37.1327,-3.6039,7.0,1.5,NE OGÍJARES.GR,2026-08-20T00:57:06,2026-08-20T02:57:06,mbLg,
es2026qgfhh,20/08/2026,00:52:05,02:52:05,37.1333,-3.5955,7.0,1.5,NW LA ZUBIA.GR,2026-08-20T00:52:05,2026-08-20T02:52:05,mbLg,
es2026qgemy,20/08/2026,00:28:24,02:28:24,37.0591,-3.6332,7.0,2.2,SW DÍLAR.GR,2026-08-20T00:28:24,2026-08-20T02:28:24,mbLg,Sentido
es2026qgebw,20/08/2026,00:15:30,02:15:30,37.108,-3.6316,0.0,3.4,E ALHENDÍN.GR,2026-08-20T00:15:30,2026-08-20T02:15:30,mbLg,Sentido
es2026skgxm,19/09/2026,17:08:45,18:08:45,28.416,-16.6676,20.0,1.5,NW SAN JUAN DE LA RAMBLA.ITF,2026-09-19T17:08:45,2026-09-19T18:08:45,mbLg,
es2026sklyq,19/09/2026,19:41:36,21:41:36,43.0512,-0.2189,0.0,1.6,S NAY.FRA,2026-09-19T19:41:36,2026-09-19T21:41:36,mbLg,
es2026skfkg,19/09/2026,16:23:00,18:23:00,36.9981,-9.5722,25.0,1.6,SW CABO DE SAN VICENTE,2026-09-19T16:23:00,2026-09-19T18:23:00,mbLg,
es2026skeku,19/09/2026,15:53:20,17:53:20,43.0509,-0.2163,0.0,1.6,S NAY.FRA,2026-09-19T15:53:20,2026-09-19T17:53:20,mbLg,
es2026skcou,19/09/2026,14:57:24,16:57:24,43.0284,-0.2154,0.0,2.1,E LARUNS.FRA,2026-09-19T14:57:24,2026-09-19T16:57:24,mbLg,
es2026sjzeh,19/09/2026,13:14:15,15:14:15,43.0313,-0.2119,0.0,2.6,E LARUNS.FRA,2026-09-19T13:14:15,2026-09-19T15:14:15,mbLg,
es2026sjxub,19/09/2026,12:32:00,14:32:00,43.0309,-0.2237,26.0,1.5,E LARUNS.FRA,2026-09-19T12:32:00,2026-09-19T14:32:00,mbLg,
es2026sjwlq,19/09/2026,11:51:51,13:51:51,36.8764,-10.9922,36.0,2.8,SW CABO DE SAN VICENTE,2026-09-19T11:51:51,2026-09-19T13:51:51,mbLg,
es2026sjwhc,19/09/2026,11:46:34,13:46:34,42.1475,-7.0187,7.0,1.5,SE VIANA DO BOLO.OU,2026-09-19T11:46:34,2026-09-19T13:46:34,mbLg,
es2026sjsza,19/09/2026,10:06:13,11:06:13,28.1017,-16.2453,26.0,1.8,ATLÁNTICO-CANARIAS,2026-09-19T10:06:13,2026-09-19T11:06:13,mbLg,
es2026sjsvy,19/09/2026,10:02:38,12:02:38,42.9115,-4.8778,5.0,1.9,E PRIORO.LE,2026-09-19T10:02:38,2026-09-19T12:02:38,mbLg,
es2026sjptd,19/09/2026,08:28:27,10:28:27,40.8199,-1.9116,0.0,1.9,SW MOLINA DE ARAGÓN.GU,2026-09-19T08:28:27,2026-09-19T10:28:27,mbLg,
es2026sjnsx,19/09/2026,07:27:34,09:27:34,39.4413,-9.2387,20.0,1.9,NW CALDAS DA RAINHA.POR,2026-09-19T07:27:34,2026-09-19T09:27:34,mbLg,
es2026sjlxi,19/09/2026,06:32:08,08:32:08,43.0502,-0.2154,4.0,1.7,S NAY.FRA,2026-09-19T06:32:08,2026-09-19T08:32:08,mbLg,
es2026sjjme,19/09/2026,05:18:31,07:18:31,40.8958,1.6341,1.0,1.5,COSTERO CATALANA,2026-09-19T05:18:31,2026-09-19T07:18:31,mbLg,
es2026sjhvh,19/09/2026,04:28:29,06:28:29,43.0052,-0.1142,13.0,1.6,SW LOURDES.FRA,2026-09-19T04:28:29,2026-09-19T06:28:29,mbLg,
es2026sjhes,19/09/2026,04:09:11,06:09:11,42.9209,-0.3459,23.0,1.5,SE LARUNS.FRA,2026-09-19T04:09:11,2026-09-19T06:09:11,mbLg,
es2026sjgcz,19/09/2026,03:36:51,05:36:51,43.0383,-0.2125,0.0,2.7,E LARUNS.FRA,2026-09-19T03:36:51,2026-09-19T05:36:51,mbLg,
es2026sjgac,19/09/2026,03:33:31,05:33:31,37.8983,-3.037,21.0,1.7,SW CAZORLA.J,2026-09-19T03:33:31,2026-09-19T05:33:31,mbLg,
es2026sjfsj,19/09/2026,03:24:28,05:24:28,43.0895,-0.5244,14.0,1.6,SW ARUDY.FRA,2026-09-19T03:24:28,2026-09-19T05:24:28,mbLg,
es2026sjehx,19/09/2026,02:42:00,04:42:00,37.1007,-5.223,1.0,1.9,NW VILLANUEVA DE SAN JUAN.SE,2026-09-19T02:42:00,2026-09-19T04:42:00,mbLg,
es2026sjduc,19/09/2026,02:25:52,04:25:52,43.0152,-0.0373,0.0,2.2,S LOURDES.FRA,2026-09-19T02:25:52,2026-09-19T04:25:52,mbLg,
es2026sjcmt,19/09/2026,01:47:01,03:47:01,36.9525,2.7789,10.0,3.1,MEDITERRÁNEO-ARGELIA,2026-09-19T01:47:01,2026-09-19T03:47:01,M(mb),
es2026skkpr,19/09/2026,19:00:54,21:00:54,37.108,-3.5706,9.0,1.6,SE LA ZUBIA.GR,2026-09-19T19:00:54,2026-09-19T21:00:54,mbLg,I-II
es2026sjchn,19/09/2026,01:40:56,03:40:56,37.1381,-3.5781,9.0,1.2,NW CÁJAR.GR,2026-09-19T01:40:56,2026-09-19T03:40:56,mbLg,I-II
es2026sjcfc,19/09/2026,01:38:06,03:38:06,37.1165,-3.5953,6.0,1.8,SW LA ZUBIA.GR,2026-09-19T01:38:06,2026-09-19T03:38:06,mbLg,II
es2026qfzux,19/08/2026,22:06:07,00:06:07,40.3311,0.6024,5.0,1.5,GOLFO DE VALENCIA,2026-08-19T22:06:07,2026-08-19T00:06:07,mbLg,
es2026qfvzf,19/08/2026,20:09:55,22:09:55,37.1116,-3.576,3.0,1.5,SE LA ZUBIA.GR,2026-08-19T20:09:55,2026-08-19T22:09:55,mbLg,
es2026qfvji,19/08/2026,19:51:23,20:51:23,28.7114,-17.9238,11.0,1.6,E TIJARAFE.ILP,2026-08-19T19:51:23,2026-08-19T20:51:23,mbLg,
es2026qfuel,19/08/2026,19:15:24,20:15:24,28.1665,-16.2352,16.0,1.7,ATLÁNTICO-CANARIAS,2026-08-19T19:15:24,2026-08-19T20:15:24,mbLg,
es2026qfqst,19/08/2026,17:30:51,19:30:51,37.1046,-3.6135,6.0,1.6,W GÓJAR.GR,2026-08-19T17:30:51,2026-08-19T19:30:51,mbLg,
es2026qfmta,19/08/2026,15:29:55,17:29:55,37.1332,-3.6154,2.0,1.6,SE ARMILLA.GR,2026-08-19T15:29:55,2026-08-19T17:29:55,mbLg,
es2026qfksb,19/08/2026,14:28:10,16:28:10,37.1391,-3.6254,3.0,1.5,SE ARMILLA.GR,2026-08-19T14:28:10,2026-08-19T16:28:10,mbLg,
es2026qffkb,19/08/2026,11:47:18,13:47:18,37.1123,-3.5762,4.0,1.7,SE LA ZUBIA.GR,2026-08-19T11:47:18,2026-08-19T13:47:18,mbLg,
es2026qffho,19/08/2026,11:44:24,13:44:24,37.1349,-3.6117,0.0,1.6,SE ARMILLA.GR,2026-08-19T11:44:24,2026-08-19T13:44:24,mbLg,
es2026qfdds,19/08/2026,10:39:19,12:39:19,42.7432,1.6582,3.0,2.3,SE TARASCON SUR ARRIEGE.FRA,2026-08-19T10:39:19,2026-08-19T12:39:19,mbLg,
es2026qfccs,19/08/2026,10:07:49,12:07:49,38.246,-6.5685,0.0,2.0,W VALENCIA DEL VENTOSO.BA,2026-08-19T10:07:49,2026-08-19T12:07:49,mbLg,
es2026qfaqu,19/08/2026,09:23:39,11:23:39,37.1127,-3.5921,12.0,1.6,SW LA ZUBIA.GR,2026-08-19T09:23:39,2026-08-19T11:23:39,mbLg,
es2026qezvf,19/08/2026,08:58:28,10:58:28,37.1424,-3.5845,12.0,1.6,W HUÉTOR VEGA.GR,2026-08-19T08:58:28,2026-08-19T10:58:28,mbLg,
es2026qewux,19/08/2026,07:27:13,09:27:13,37.1569,-3.6319,10.0,1.5,NE CHURRIANA DE LA VEGA.GR,2026-08-19T07:27:13,2026-08-19T09:27:13,mbLg,
es2026qewqe,19/08/2026,07:21:41,09:21:41,37.114,-3.5979,6.0,1.8,SE OGÍJARES.GR,2026-08-19T07:21:41,2026-08-19T09:21:41,mbLg,
es2026qewgv,19/08/2026,07:10:48,09:10:48,37.1105,-3.5796,6.0,1.5,SE LA ZUBIA.GR,2026-08-19T07:10:48,2026-08-19T09:10:48,mbLg,
es2026qevno,19/08/2026,06:48:20,08:48:20,37.1165,-3.5959,1.0,1.6,SW LA ZUBIA.GR,2026-08-19T06:48:20,2026-08-19T08:48:20,mbLg,
es2026qeuxk,19/08/2026,06:29:29,08:29:29,37.1655,-3.6134,7.0,1.6,SW GRANADA.GR,2026-08-19T06:29:29,2026-08-19T08:29:29,mbLg,
es2026qetnv,19/08/2026,05:48:01,07:48:01,37.1338,-3.6244,1.0,1.8,SE ARMILLA.GR,2026-08-19T05:48:01,2026-08-19T07:48:01,mbLg,
es2026qethx,19/08/2026,05:41:08,07:41:08,37.1097,-2.6117,12.0,1.6,E NACIMIENTO.AL,2026-08-19T05:41:08,2026-08-19T07:41:08,mbLg,
es2026qetbq,19/08/2026,05:33:49,07:33:49,37.1138,-3.5823,9.0,1.6,SE LA ZUBIA.GR,2026-08-19T05:33:49,2026-08-19T07:33:49,mbLg,
es2026qesfn,19/08/2026,05:08:03,07:08:03,41.9013,-7.1894,0.0,1.8,E VILARDEVÓS.OU,2026-08-19T05:08:03,2026-08-19T07:08:03,mbLg,
es2026qengl,19/08/2026,02:37:34,03:37:34,27.7752,-18.1298,18.0,1.5,W FRONTERA.IHI,2026-08-19T02:37:34,2026-08-19T03:37:34,mbLg,
es2026qemtx,19/08/2026,02:22:57,03:22:57,28.6438,-17.8419,16.0,1.9,E EL PASO.ILP,2026-08-19T02:22:57,2026-08-19T03:22:57,mbLg,
es2026qemnw,19/08/2026,02:15:55,04:15:55,37.1264,-3.618,6.0,1.6,NW OGÍJARES.GR,2026-08-19T02:15:55,2026-08-19T04:15:55,mbLg,
es2026qekry,19/08/2026,01:20:03,03:20:03,35.9211,0.595,28.0,3.0,N RELIZANE.ARG,2026-08-19T01:20:03,2026-08-19T03:20:03,M(mb),
es2026qfxyy,19/08/2026,21:10:12,23:10:12,37.1295,-3.6695,0.0,2.0,SW LAS GABIAS.GR,2026-08-19T21:10:12,2026-08-19T23:10:12,mbLg,Sentido
es2026qfwak,19/08/2026,20:11:16,22:11:16,37.1124,-3.6334,1.0,1.9,NE ALHENDÍN.GR,2026-08-19T20:11:16,2026-08-19T22:11:16,mbLg,Sentido
es2026qfqfa,19/08/2026,17:14:51,19:14:51,37.1504,-3.6323,0.0,3.0,E CHURRIANA DE LA VEGA.GR,2026-08-19T17:14:51,2026-08-19T19:14:51,mbLg,Sentido
es2026qflpn,19/08/2026,14:55:34,16:55:34,37.1229,-3.6427,0.0,2.0,N ALHENDÍN.GR,2026-08-19T14:55:34,2026-08-19T16:55:34,mbLg,Sentido
es2026qfgaq,19/08/2026,12:06:38,14:06:38,37.1337,-3.6436,0.0,2.0,SW ARMILLA.GR,2026-08-19T12:06:38,2026-08-19T14:06:38,mbLg,Sentido
es2026qfcyg,19/08/2026,10:32:56,12:32:56,37.1479,-3.6298,0.0,2.8,NW ARMILLA.GR,2026-08-19T10:32:56,2026-08-19T12:32:56,mbLg,Sentido
es2026qexzy,19/08/2026,08:03:23,10:03:23,37.1005,-3.6018,9.0,2.3,SE GÓJAR.GR,2026-08-19T08:03:23,2026-08-19T10:03:23,mbLg,Sentido
es2026qevzg,19/08/2026,07:01:58,09:01:58,37.1318,-3.63,7.0,2.0,SW ARMILLA.GR,2026-08-19T07:01:58,2026-08-19T09:01:58,mbLg,Sentido
es2026qepkz,19/08/2026,03:43:31,05:43:31,37.087,-3.6193,1.0,2.5,SE VILLA DE OTURA.GR,2026-08-19T03:43:31,2026-08-19T05:43:31,mbLg,Sentido
es2026qemzh,19/08/2026,02:29:14,04:29:14,37.1167,-3.6393,0.0,2.3,NE ALHENDÍN.GR,2026-08-19T02:29:14,2026-08-19T04:29:14,mbLg,Sentido
es2026qemgy,19/08/2026,02:07:51,04:07:51,37.1047,-3.6213,0.0,2.2,W GÓJAR.GR,2026-08-19T02:07:51,2026-08-19T04:07:51,mbLg,Sentido
es2026qejeu,19/08/2026,00:34:24,02:34:24,37.1328,-3.6619,0.0,1.8,SE LAS GABIAS.GR,2026-08-19T00:34:24,2026-08-19T02:34:24,mbLg,Sentido
es2026sixcx,18/09/2026,23:04:01,01:04:01,34.2237,-5.9052,18.0,2.4,SE SIDI SLIMANE.MAC,2026-09-18T23:04:01,2026-09-18T01:04:01,mbLg,
es2026siwgn,18/09/2026,22:37:54,00:37:54,42.7673,-8.4565,3.0,2.0,SE VEDRA.C,2026-09-18T22:37:54,2026-09-18T00:37:54,mbLg,
es2026sisbk,18/09/2026,20:30:43,21:30:43,27.4485,-15.8317,32.0,1.9,ATLÁNTICO-CANARIAS,2026-09-18T20:30:43,2026-09-18T21:30:43,mbLg,
es2026siowa,18/09/2026,18:53:31,20:53:31,42.0304,-7.0294,13.0,1.5,NE A MEZQUITA.OU,2026-09-18T18:53:31,2026-09-18T20:53:31,mbLg,
es2026silmc,18/09/2026,17:11:02,19:11:02,37.1481,-3.2618,11.0,1.5,S LUGROS.GR,2026-09-18T17:11:02,2026-09-18T19:11:02,mbLg,
es2026sigep,18/09/2026,14:30:45,16:30:45,37.8622,-3.0153,22.0,1.9,NE QUESADA.J,2026-09-18T14:30:45,2026-09-18T16:30:45,mbLg,
es2026sidbx,18/09/2026,12:56:42,14:56:42,38.18,-0.3879,10.0,2.4,MEDITERRÁNEO-LEVANTE SUR,2026-09-18T12:56:42,2026-09-18T14:56:42,mbLg,
es2026sibwm,18/09/2026,12:20:03,14:20:03,37.3237,-1.7876,0.0,1.9,NE CUEVAS DEL ALMANZORA.AL,2026-09-18T12:20:03,2026-09-18T14:20:03,mbLg,
es2026siasc,18/09/2026,11:44:38,13:44:38,37.8812,-3.0336,22.0,1.5,SW CAZORLA.J,2026-09-18T11:44:38,2026-09-18T13:44:38,mbLg,
es2026siamj,18/09/2026,11:37:59,13:37:59,37.0614,-3.9254,8.0,1.6,NW CACÍN.GR,2026-09-18T11:37:59,2026-09-18T13:37:59,mbLg,
es2026siaes,18/09/2026,11:29:03,13:29:03,37.3279,-1.7818,0.0,1.7,NE CUEVAS DEL ALMANZORA.AL,2026-09-18T11:29:03,2026-09-18T13:29:03,mbLg,
es2026shzym,18/09/2026,11:21:47,13:21:47,37.8868,-3.021,22.0,1.8,SW CAZORLA.J,2026-09-18T11:21:47,2026-09-18T13:21:47,mbLg,
es2026shznj,18/09/2026,11:08:51,13:08:51,36.403,-3.729,6.0,2.3,ALBORÁN NORTE,2026-09-18T11:08:51,2026-09-18T13:08:51,mbLg,
es2026shyif,18/09/2026,10:32:32,12:32:32,37.9462,-1.1252,0.0,1.6,S MURCIA.MU,2026-09-18T10:32:32,2026-09-18T12:32:32,mbLg,
es2026shwvd,18/09/2026,09:46:58,10:46:58,28.0751,-16.1303,4.0,1.7,ATLÁNTICO-CANARIAS,2026-09-18T09:46:58,2026-09-18T10:46:58,mbLg,
es2026shwjl,18/09/2026,09:33:21,11:33:21,37.4284,-0.5099,17.0,2.0,MEDITERRÁNEO-LEVANTE SUR,2026-09-18T09:33:21,2026-09-18T11:33:21,mbLg,
es2026shrvu,18/09/2026,07:16:11,09:16:11,36.806,-7.0881,48.0,1.9,GOLFO DE CÁDIZ,2026-09-18T07:16:11,2026-09-18T09:16:11,mbLg,
es2026shlnh,18/09/2026,04:04:27,05:04:27,27.661,-18.0638,30.0,2.0,SW EL PINAR DE EL HIERRO.IHI,2026-09-18T04:04:27,2026-09-18T05:04:27,mbLg,
es2026shizi,18/09/2026,02:47:31,04:47:31,42.4115,-8.0727,4.0,1.6,S O CARBALLIÑO.OU,2026-09-18T02:47:31,2026-09-18T04:47:31,mbLg,
es2026shibu,18/09/2026,02:20:07,04:20:07,43.1095,-0.3218,0.0,1.8,E ARUDY.FRA,2026-09-18T02:20:07,2026-09-18T04:20:07,mbLg,
es2026shhpf,18/09/2026,02:05:27,04:05:27,37.4431,-2.6694,0.0,2.0,E CANILES.GR,2026-09-18T02:05:27,2026-09-18T04:05:27,mbLg,
es2026shgcd,18/09/2026,01:19:54,03:19:54,36.4178,-3.7943,13.0,1.7,ALBORÁN NORTE,2026-09-18T01:19:54,2026-09-18T03:19:54,mbLg,
es2026shdyv,18/09/2026,00:15:26,02:15:26,34.3166,-6.0118,0.0,2.5,NW SIDI SLIMANE.MAC,2026-09-18T00:15:26,2026-09-18T02:15:26,mbLg,
es2026shdyl,18/09/2026,00:14:57,02:14:57,36.4004,-8.7151,0.0,1.9,GOLFO DE CÁDIZ,2026-09-18T00:14:57,2026-09-18T02:14:57,mbLg,
es2026shdxv,18/09/2026,00:14:14,02:14:14,42.3771,-8.1346,16.0,1.6,NW LEIRO.OU,2026-09-18T00:14:14,2026-09-18T02:14:14,mbLg,
es2026sirva,18/09/2026,20:23:31,22:23:31,37.1454,-3.6444,3.0,2.1,SE CHURRIANA DE LA VEGA.GR,2026-09-18T20:23:31,2026-09-18T22:23:31,mbLg,III
es2026siftp,18/09/2026,14:17:56,16:17:56,37.1141,-3.5906,7.0,1.4,SW LA ZUBIA.GR,2026-09-18T14:17:56,2026-09-18T16:17:56,mbLg,II
es2026siemk,18/09/2026,13:39:16,15:39:16,37.1622,-3.6706,0.0,2.2,N CÚLLAR VEGA.GR,2026-09-18T13:39:16,2026-09-18T15:39:16,mbLg,III
es2026sibbq,18/09/2026,11:55:48,13:55:48,37.1233,-3.615,0.0,2.9,NW OGÍJARES.GR,2026-09-18T11:55:48,2026-09-18T13:55:48,mbLg,III
es2026siazl,18/09/2026,11:53:12,13:53:12,37.1287,-3.5852,6.0,1.7,N LA ZUBIA.GR,2026-09-18T11:53:12,2026-09-18T13:53:12,mbLg,II
es2026shsst,18/09/2026,07:42:56,09:42:56,37.1858,-3.6249,4.0,1.5,NW GRANADA.GR,2026-09-18T07:42:56,2026-09-18T09:42:56,mbLg,I-II
es2026qehos,18/08/2026,23:45:22,01:45:22,37.0996,-3.5676,10.0,1.7,,2026-08-18T23:45:22,2026-08-18T01:45:22,,
es2026qeeud,18/08/2026,22:20:47,00:20:47,36.1337,-7.9564,12.0,2.7,,2026-08-18T22:20:47,2026-08-18T00:20:47,,
es2026qeenf,18/08/2026,22:12:43,00:12:43,41.9162,-7.1719,7.0,2.3,,2026-08-18T22:12:43,2026-08-18T00:12:43,,
es2026qeegf,18/08/2026,22:04:33,00:04:33,43.0508,-0.0273,2.0,1.6,,2026-08-18T22:04:33,2026-08-18T00:04:33,,
es2026qedzh,18/08/2026,21:56:28,22:56:28,28.6154,-13.7902,4.0,1.7,,2026-08-18T21:56:28,2026-08-18T22:56:28,,
es2026qebma,18/08/2026,20:40:24,22:40:24,37.1279,-3.6271,0.0,2.1,,2026-08-18T20:40:24,2026-08-18T22:40:24,,
es2026qdzjm,18/08/2026,19:36:49,21:36:49,37.1293,-3.6318,3.0,1.5,,2026-08-18T19:36:49,2026-08-18T21:36:49,,
es2026qdtzw,18/08/2026,16:54:03,18:54:03,37.1368,-3.6376,2.0,1.5,,2026-08-18T16:54:03,2026-08-18T18:54:03,,
es2026qdthf,18/08/2026,16:32:19,18:32:19,37.1266,-3.6126,0.0,1.5,,2026-08-18T16:32:19,2026-08-18T18:32:19,,
es2026qdsvo,18/08/2026,16:18:44,18:18:44,37.1085,-3.5947,4.0,1.7,,2026-08-18T16:18:44,2026-08-18T18:18:44,,
es2026qdska,18/08/2026,16:05:17,18:05:17,37.1458,-3.613,8.0,1.5,,2026-08-18T16:05:17,2026-08-18T18:05:17,,
es2026qdrgj,18/08/2026,15:30:43,17:30:43,37.123,-3.6139,0.0,1.6,,2026-08-18T15:30:43,2026-08-18T17:30:43,,
es2026qdrcs,18/08/2026,15:26:28,16:26:28,27.6072,-18.0527,10.0,1.7,,2026-08-18T15:26:28,2026-08-18T16:26:28,,
es2026qdozc,18/08/2026,14:21:53,16:21:53,37.1357,-3.6383,0.0,1.5,,2026-08-18T14:21:53,2026-08-18T16:21:53,,
es2026qdnux,18/08/2026,13:46:28,15:46:28,37.1367,-3.6207,3.0,1.6,,2026-08-18T13:46:28,2026-08-18T15:46:28,,
es2026qdmpe,18/08/2026,13:09:48,15:09:48,37.1339,-3.6085,0.0,1.6,,2026-08-18T13:09:48,2026-08-18T15:09:48,,
es2026qdmhj,18/08/2026,13:00:21,15:00:21,37.1343,-3.619,3.0,1.7,,2026-08-18T13:00:21,2026-08-18T15:00:21,,
es2026qdlvv,18/08/2026,12:46:54,14:46:54,37.1142,-3.5938,5.0,1.6,,2026-08-18T12:46:54,2026-08-18T14:46:54,,
es2026qdlos,18/08/2026,12:38:38,14:38:38,37.1452,-3.6444,2.0,1.8,,2026-08-18T12:38:38,2026-08-18T14:38:38,,
es2026qdkli,18/08/2026,12:04:22,14:04:22,37.1447,-3.6397,4.0,1.6,,2026-08-18T12:04:22,2026-08-18T14:04:22,,
es2026qdjfx,18/08/2026,11:27:42,13:27:42,37.134,-3.6146,1.0,1.6,,2026-08-18T11:27:42,2026-08-18T13:27:42,,
es2026qdiuk,18/08/2026,11:14:19,13:14:19,37.1341,-3.5935,4.0,1.8,,2026-08-18T11:14:19,2026-08-18T13:14:19,,
es2026qdigy,18/08/2026,10:58:38,12:58:38,37.1554,-3.617,14.0,1.5,,2026-08-18T10:58:38,2026-08-18T12:58:38,,
es2026qdiew,18/08/2026,10:56:12,12:56:12,37.1208,-3.6022,2.0,1.7,,2026-08-18T10:56:12,2026-08-18T12:56:12,,
es2026qdiaa,18/08/2026,10:50:33,12:50:33,37.1183,-3.6166,2.0,1.5,,2026-08-18T10:50:33,2026-08-18T12:50:33,,
es2026qdhyj,18/08/2026,10:48:39,12:48:39,37.1411,-3.6034,4.0,1.5,,2026-08-18T10:48:39,2026-08-18T12:48:39,,
es2026qdhwp,18/08/2026,10:46:34,12:46:34,37.1163,-3.5932,5.0,1.5,,2026-08-18T10:46:34,2026-08-18T12:46:34,,
es2026qdhtu,18/08/2026,10:43:18,12:43:18,37.1596,-3.6201,0.0,1.5,,2026-08-18T10:43:18,2026-08-18T12:43:18,,
es2026qdhfu,18/08/2026,10:27:00,12:27:00,37.1184,-3.611,5.0,1.9,,2026-08-18T10:27:00,2026-08-18T12:27:00,,
es2026qdgok,18/08/2026,10:06:42,12:06:42,37.1177,-3.594,4.0,1.6,,2026-08-18T10:06:42,2026-08-18T12:06:42,,
es2026qdgof,18/08/2026,10:06:29,12:06:29,36.5471,-9.7624,14.0,1.8,,2026-08-18T10:06:29,2026-08-18T12:06:29,,
es2026qdghd,18/08/2026,09:58:14,11:58:14,37.1331,-3.5927,7.0,1.5,,2026-08-18T09:58:14,2026-08-18T11:58:14,,
es2026qdfzf,18/08/2026,09:49:01,11:49:01,36.9798,-11.5738,7.0,2.2,,2026-08-18T09:49:01,2026-08-18T11:49:01,,
es2026qdfvw,18/08/2026,09:45:07,11:45:07,36.7195,-9.7482,15.0,2.1,,2026-08-18T09:45:07,2026-08-18T11:45:07,,
es2026qdfsi,18/08/2026,09:40:59,11:40:59,37.1258,-3.6234,6.0,2.1,,2026-08-18T09:40:59,2026-08-18T11:40:59,,
es2026qdfdf,18/08/2026,09:23:22,11:23:22,37.1372,-3.606,8.0,1.6,,2026-08-18T09:23:22,2026-08-18T11:23:22,,
es2026qdeod,18/08/2026,09:05:46,11:05:46,37.146,-3.6166,1.0,1.8,,2026-08-18T09:05:46,2026-08-18T11:05:46,,
es2026qdehc,18/08/2026,08:57:35,10:57:35,37.1614,-3.6185,7.0,2.1,,2026-08-18T08:57:35,2026-08-18T10:57:35,,
es2026qdefl,18/08/2026,08:55:39,10:55:39,37.1076,-3.5973,10.0,1.8,,2026-08-18T08:55:39,2026-08-18T10:55:39,,
es2026qdeew,18/08/2026,08:54:59,10:54:59,37.1419,-3.6219,3.0,2.0,,2026-08-18T08:54:59,2026-08-18T10:54:59,,
es2026qdeds,18/08/2026,08:53:40,09:53:40,27.7177,-18.1847,17.0,2.0,,2026-08-18T08:53:40,2026-08-18T09:53:40,,
es2026qdebs,18/08/2026,08:51:17,10:51:17,37.1186,-3.6264,4.0,1.6,,2026-08-18T08:51:17,2026-08-18T10:51:17,,
es2026qddtu,18/08/2026,08:42:05,10:42:05,37.1399,-3.6137,3.0,2.3,,2026-08-18T08:42:05,2026-08-18T10:42:05,,
es2026qddsv,18/08/2026,08:40:58,10:40:58,37.146,-3.617,7.0,1.8,,2026-08-18T08:40:58,2026-08-18T10:40:58,,
es2026qddqr,18/08/2026,08:38:27,09:38:27,28.1045,-16.1629,5.0,1.7,,2026-08-18T08:38:27,2026-08-18T09:38:27,,
es2026qcyta,18/08/2026,06:09:39,08:09:39,39.9591,0.7912,22.0,1.7,,2026-08-18T06:09:39,2026-08-18T08:09:39,,
es2026qcynx,18/08/2026,06:03:40,08:03:40,37.1367,-3.5873,12.0,1.5,,2026-08-18T06:03:40,2026-08-18T08:03:40,,
es2026qcxyn,18/08/2026,05:45:44,07:45:44,38.7083,-2.4174,14.0,1.7,,2026-08-18T05:45:44,2026-08-18T07:45:44,,
es2026qcxxc,18/08/2026,05:44:03,07:44:03,37.1414,-3.5839,9.0,1.7,,2026-08-18T05:44:03,2026-08-18T07:44:03,,
es2026qcwdp,18/08/2026,04:51:01,06:51:01,37.15,-3.597,9.0,1.6,,2026-08-18T04:51:01,2026-08-18T06:51:01,,
es2026qcvca,18/08/2026,04:18:53,06:18:53,37.1294,-3.5696,11.0,1.6,,2026-08-18T04:18:53,2026-08-18T06:18:53,,
es2026qcudx,18/08/2026,03:50:47,05:50:47,39.1787,0.1379,15.0,1.8,,2026-08-18T03:50:47,2026-08-18T05:50:47,,
es2026qcszy,18/08/2026,03:15:50,05:15:50,37.1257,-3.646,0.0,1.6,,2026-08-18T03:15:50,2026-08-18T05:15:50,,
es2026qedsr,18/08/2026,21:48:46,23:48:46,37.1228,-3.6214,1.0,2.1,NW OGÍJARES.GR,2026-08-18T21:48:46,2026-08-18T23:48:46,mbLg,Sentido
es2026qebhy,18/08/2026,20:35:39,22:35:39,37.1162,-3.6158,0.0,3.4,SW OGÍJARES.GR,2026-08-18T20:35:39,2026-08-18T22:35:39,mbLg,Sentido
es2026qdrfn,18/08/2026,15:29:57,17:29:57,37.115,-3.6289,0.0,1.9,NE ALHENDÍN.GR,2026-08-18T15:29:57,2026-08-18T17:29:57,mbLg,Sentido
es2026qdltn,18/08/2026,12:44:20,14:44:20,37.1035,-3.6402,0.0,1.9,SE ALHENDÍN.GR,2026-08-18T12:44:20,2026-08-18T14:44:20,mbLg,Sentido
es2026qdhqs,18/08/2026,10:39:44,12:39:44,37.1038,-3.6147,6.0,4.0,W GÓJAR.GR,2026-08-18T10:39:44,2026-08-18T12:39:44,Mw,Sentido
es2026qdezh,18/08/2026,09:18:48,11:18:48,37.1115,-3.5687,8.0,2.1,SE LA ZUBIA.GR,2026-08-18T09:18:48,2026-08-18T11:18:48,mbLg,Sentido
es2026qdehi,18/08/2026,08:57:51,10:57:51,37.0975,-3.6179,0.0,2.9,SW GÓJAR.GR,2026-08-18T08:57:51,2026-08-18T10:57:51,mbLg,Sentido
es2026qdedh,18/08/2026,08:53:09,10:53:09,37.1431,-3.6405,4.0,3.9,SE CHURRIANA DE LA VEGA.GR,2026-08-18T08:53:09,2026-08-18T10:53:09,Mw,Sentido
es2026qddyj,18/08/2026,08:47:25,10:47:25,37.1309,-3.652,0.0,2.6,SE LAS GABIAS.GR,2026-08-18T08:47:25,2026-08-18T10:47:25,mbLg,Sentido
es2026qddve,18/08/2026,08:43:40,10:43:40,37.1144,-3.631,3.0,2.7,NE ALHENDÍN.GR,2026-08-18T08:43:40,2026-08-18T10:43:40,mbLg,Sentido
es2026qddtk,18/08/2026,08:41:37,10:41:37,37.1335,-3.6422,2.0,2.2,SW ARMILLA.GR,2026-08-18T08:41:37,2026-08-18T10:41:37,mbLg,Sentido
es2026qcwed,18/08/2026,04:51:41,06:51:41,37.163,-3.5964,8.0,1.7,SE GRANADA.GR,2026-08-18T04:51:41,2026-08-18T06:51:41,mbLg,II-III
es2026qdfmw,18/08/2026,09:34:37,11:34:37,37.1097,-3.6446,5.0,4.2,NE ALHENDÍN.GR,2026-08-18T09:34:37,2026-08-18T11:34:37,Mw,Sentido
es2026qddqb,18/08/2026,08:37:45,10:37:45,37.0972,-3.6366,7.0,4.8,NW VILLA DE OTURA.GR,2026-08-18T08:37:45,2026-08-18T10:37:45,Mw,V-VI
es2026shcok,17/09/2026,23:32:57,01:32:57,36.4586,-3.7947,25.0,1.5,ALBORÁN NORTE,2026-09-17T23:32:57,2026-09-17T01:32:57,mbLg,
es2026sgzqs,17/09/2026,22:04:44,00:04:44,36.6525,-3.5606,20.0,1.8,SE SALOBREÑA.GR,2026-09-17T22:04:44,2026-09-17T00:04:44,mbLg,
es2026sgqss,17/09/2026,17:34:18,18:34:18,29.6467,-13.6042,0.0,1.9,ATLÁNTICO-CANARIAS,2026-09-17T17:34:18,2026-09-17T18:34:18,mbLg,
es2026sgkug,17/09/2026,14:34:14,16:34:14,35.8935,-1.9218,7.0,2.4,MEDITERRÁNEO-ARGELIA,2026-09-17T14:34:14,2026-09-17T16:34:14,mbLg,
es2026sgfkd,17/09/2026,11:50:56,13:50:56,37.7293,-9.0788,4.0,1.9,ATLÁNTICO-PORTUGAL,2026-09-17T11:50:56,2026-09-17T13:50:56,mbLg,
es2026sgckr,17/09/2026,10:20:37,11:20:37,29.1477,-14.3385,14.0,2.7,ATLÁNTICO-CANARIAS,2026-09-17T10:20:37,2026-09-17T11:20:37,mbLg,
es2026sfwcr,17/09/2026,07:09:27,09:09:27,37.1267,-3.4567,8.0,1.7,SW GÜÉJAR SIERRA.GR,2026-09-17T07:09:27,2026-09-17T09:09:27,mbLg,
es2026sfoub,17/09/2026,03:27:16,05:27:16,37.0891,-3.5987,2.0,1.8,N DÍLAR.GR,2026-09-17T03:27:16,2026-09-17T05:27:16,mbLg,
es2026sfosw,17/09/2026,03:25:53,05:25:53,37.1276,-3.5774,4.0,1.6,SW CÁJAR.GR,2026-09-17T03:25:53,2026-09-17T05:25:53,mbLg,
es2026sfnqs,17/09/2026,02:53:04,04:53:04,36.3967,-7.963,19.0,1.9,GOLFO DE CÁDIZ,2026-09-17T02:53:04,2026-09-17T04:53:04,mbLg,
es2026sfmid,17/09/2026,02:12:44,04:12:44,43.1577,-1.8731,16.0,1.6,SW GOIZUETA.NA,2026-09-17T02:12:44,2026-09-17T04:12:44,mbLg,
es2026sfmgw,17/09/2026,02:11:16,04:11:16,43.0294,-0.6673,0.0,1.8,SW OLORON STE MARIE.FRA,2026-09-17T02:11:16,2026-09-17T04:11:16,mbLg,
es2026sgyzo,17/09/2026,21:44:45,23:44:45,37.1328,-3.6171,0.0,2.1,SE ARMILLA.GR,2026-09-17T21:44:45,2026-09-17T23:44:45,mbLg,III
es2026sgnfz,17/09/2026,15:48:31,17:48:31,37.1232,-3.6033,0.0,1.5,NE OGÍJARES.GR,2026-09-17T15:48:31,2026-09-17T17:48:31,mbLg,II
es2026qbkwi,17/08/2026,10:01:13,12:01:13,37.0423,-3.762,10.0,1.6,S ESCÚZAR.GR,2026-08-17T10:01:13,2026-08-17T12:01:13,mbLg,III
es2026qcgfp,17/08/2026,20:48:27,22:48:27,37.104,-3.6234,0.0,2.0,NE VILLA DE OTURA.GR,2026-08-17T20:48:27,2026-08-17T22:48:27,mbLg,II-III
es2026qbxdo,17/08/2026,16:13:19,18:13:19,37.1253,-3.6275,2.0,1.7,S ARMILLA.GR,2026-08-17T16:13:19,2026-08-17T18:13:19,mbLg,II-III
es2026qbsou,17/08/2026,13:54:53,15:54:53,37.1183,-3.5812,5.0,1.7,SE LA ZUBIA.GR,2026-08-17T13:54:53,2026-08-17T15:54:53,mbLg,II
es2026qbqos,17/08/2026,12:54:11,14:54:11,37.1366,-3.6267,3.0,2.1,S ARMILLA.GR,2026-08-17T12:54:11,2026-08-17T14:54:11,mbLg,III
es2026qavek,17/08/2026,02:05:42,04:05:42,37.1188,-3.6019,8.0,1.5,E OGÍJARES.GR,2026-08-17T02:05:42,2026-08-17T04:05:42,mbLg,II-III
es2026fivwd,17/03/2026,23:24:56,00:24:56,36.0265,-4.6581,92.0,4.2,ALBORÁN OESTE,2026-03-17T23:24:56,2026-03-17T00:24:56,Mw,III
es2026sfhug,16/09/2026,23:55:20,01:55:20,37.3177,-8.5679,15.0,2.0,W MONCHIQUE.POR,2026-09-16T23:55:20,2026-09-16T01:55:20,mbLg,
es2026sfdwl,16/09/2026,21:56:40,23:56:40,36.3628,-2.7364,22.0,1.5,ALBORÁN NORTE,2026-09-16T21:56:40,2026-09-16T23:56:40,mbLg,
es2026sfdnw,16/09/2026,21:46:38,23:46:38,42.3632,2.0649,0.0,2.1,NE TOSES.GI,2026-09-16T21:46:38,2026-09-16T23:46:38,mbLg,
es2026sfcnv,16/09/2026,21:17:08,23:17:08,35.8749,-1.874,3.0,2.4,MEDITERRÁNEO-ARGELIA,2026-09-16T21:17:08,2026-09-16T23:17:08,mbLg,
es2026sfbbz,16/09/2026,20:32:35,22:32:35,35.8127,-1.8351,14.0,2.7,MEDITERRÁNEO-ARGELIA,2026-09-16T20:32:35,2026-09-16T22:32:35,mbLg,
es2026sfaib,16/09/2026,20:08:57,22:08:57,43.0499,-0.5523,0.0,1.8,SW ARUDY.FRA,2026-09-16T20:08:57,2026-09-16T22:08:57,mbLg,
es2026seyjt,16/09/2026,19:10:20,21:10:20,37.8774,-4.0241,20.0,1.8,E ESCAÑUELA.J,2026-09-16T19:10:20,2026-09-16T21:10:20,mbLg,
es2026sewxe,16/09/2026,18:25:23,20:25:23,37.7605,-9.6377,0.0,2.4,ATLÁNTICO-PORTUGAL,2026-09-16T18:25:23,2026-09-16T20:25:23,mbLg,
es2026setaq,16/09/2026,16:28:09,18:28:09,35.8833,-1.9021,1.0,2.3,MEDITERRÁNEO-ARGELIA,2026-09-16T16:28:09,2026-09-16T18:28:09,mbLg,
es2026seqlq,16/09/2026,15:11:04,17:11:04,37.9863,-2.0983,25.0,1.7,SW CARAVACA DE LA CRUZ.MU,2026-09-16T15:11:04,2026-09-16T17:11:04,mbLg,
es2026seoig,16/09/2026,14:05:30,16:05:30,40.2114,-0.9718,0.0,1.9,SW LA PUEBLA DE VALVERDE.TE,2026-09-16T14:05:30,2026-09-16T16:05:30,mbLg,
es2026semwz,16/09/2026,13:22:04,15:22:04,37.1352,-3.6104,2.0,1.5,SE ARMILLA.GR,2026-09-16T13:22:04,2026-09-16T15:22:04,mbLg,
es2026sekuo,16/09/2026,12:18:35,14:18:35,35.7771,-1.8394,15.0,2.5,MEDITERRÁNEO-ARGELIA,2026-09-16T12:18:35,2026-09-16T14:18:35,mbLg,
es2026sejhn,16/09/2026,11:33:06,13:33:06,38.0237,-2.0692,0.0,1.8,SW CARAVACA DE LA CRUZ.MU,2026-09-16T11:33:06,2026-09-16T13:33:06,mbLg,
es2026seiyi,16/09/2026,11:22:25,13:22:25,38.0139,-2.0946,15.0,2.1,SW CARAVACA DE LA CRUZ.MU,2026-09-16T11:22:25,2026-09-16T13:22:25,mbLg,
es2026seixt,16/09/2026,11:21:43,13:21:43,38.0749,-2.0816,1.0,2.5,W CARAVACA DE LA CRUZ.MU,2026-09-16T11:21:43,2026-09-16T13:21:43,mbLg,
es2026sehir,16/09/2026,10:33:50,12:33:50,39.2353,-0.6978,0.0,1.5,E MILLARES.V,2026-09-16T10:33:50,2026-09-16T12:33:50,mbLg,
es2026segjf,16/09/2026,10:04:11,12:04:11,36.4188,-9.5651,16.0,2.4,SW CABO DE SAN VICENTE,2026-09-16T10:04:11,2026-09-16T12:04:11,mbLg,
es2026sedhi,16/09/2026,08:31:00,10:31:00,35.8634,-1.8836,9.0,2.3,MEDITERRÁNEO-ARGELIA,2026-09-16T08:31:00,2026-09-16T10:31:00,mbLg,
es2026sedcp,16/09/2026,08:25:32,10:25:32,35.813,-1.9201,22.0,2.4,MEDITERRÁNEO-ARGELIA,2026-09-16T08:25:32,2026-09-16T10:25:32,mbLg,
es2026sdxep,16/09/2026,05:26:01,07:26:01,35.888,-1.8891,17.0,2.1,MEDITERRÁNEO-ARGELIA,2026-09-16T05:26:01,2026-09-16T07:26:01,mbLg,
es2026sdwsc,16/09/2026,05:11:27,07:11:27,35.9173,-1.8472,12.0,2.1,MEDITERRÁNEO-ARGELIA,2026-09-16T05:11:27,2026-09-16T07:11:27,mbLg,
es2026sdraa,16/09/2026,02:18:50,04:18:50,37.1683,-3.2197,0.0,1.9,W JÉREZ DEL MARQUESADO.GR,2026-09-16T02:18:50,2026-09-16T04:18:50,mbLg,
es2026sdnko,16/09/2026,00:29:52,02:29:52,36.9688,-3.8208,10.0,1.6,N JAYENA.GR,2026-09-16T00:29:52,2026-09-16T02:29:52,mbLg,
es2026sdnih,16/09/2026,00:27:14,02:27:14,42.4737,-7.043,7.0,1.8,NE VILAMARTÍN DE VALDEORRAS.OU,2026-09-16T00:27:14,2026-09-16T02:27:14,mbLg,
es2026sdmmu,16/09/2026,00:02:06,02:02:06,36.7164,4.5055,4.0,3.5,E TIZI OUZOU.ARG,2026-09-16T00:02:06,2026-09-16T02:02:06,M(mb),
es2026sfdep,16/09/2026,21:35:50,23:35:50,37.1095,-3.6083,0.0,1.5,NW GÓJAR.GR,2026-09-16T21:35:50,2026-09-16T23:35:50,mbLg,II-III
es2026senqh,16/09/2026,13:44:34,15:44:34,37.1275,-3.6184,0.0,2.1,NW OGÍJARES.GR,2026-09-16T13:44:34,2026-09-16T15:44:34,mbLg,II
es2026sempg,16/09/2026,13:15:30,15:15:30,37.0913,-3.6513,3.0,2.6,W VILLA DE OTURA.GR,2026-09-16T13:15:30,2026-09-16T15:15:30,mbLg,III
es2026selxp,16/09/2026,12:52:27,14:52:27,37.1331,-3.5955,1.0,1.8,NW LA ZUBIA.GR,2026-09-16T12:52:27,2026-09-16T14:52:27,mbLg,III
es2026seieo,16/09/2026,10:59:22,12:59:22,37.1767,-3.6318,5.0,1.1,W GRANADA.GR,2026-09-16T10:59:22,2026-09-16T12:59:22,mbLg,I-II
es2026secan,16/09/2026,07:54:06,09:54:06,37.1241,-3.6265,0.0,3.1,NW OGÍJARES.GR,2026-09-16T07:54:06,2026-09-16T09:54:06,mbLg,III
es2026qapik,16/08/2026,23:08:30,01:08:30,37.1701,-3.552,16.0,1.6,NW CENES DE LA VEGA.GR,2026-08-16T23:08:30,2026-08-16T01:08:30,mbLg,II
es2026qamsv,16/08/2026,21:49:45,23:49:45,37.0995,-3.6217,5.0,1.8,NE VILLA DE OTURA.GR,2026-08-16T21:49:45,2026-08-16T23:49:45,mbLg,II-III
es2026qahlh,16/08/2026,19:09:26,21:09:26,37.1002,-3.6359,4.0,2.2,N VILLA DE OTURA.GR,2026-08-16T19:09:26,2026-08-16T21:09:26,mbLg,III
es2026qacou,16/08/2026,16:43:07,18:43:07,37.0773,-3.627,5.0,2.1,SE VILLA DE OTURA.GR,2026-08-16T16:43:07,2026-08-16T18:43:07,mbLg,II-III
es2026pzokq,16/08/2026,09:32:48,11:32:48,37.1185,-3.6429,0.0,1.9,NE ALHENDÍN.GR,2026-08-16T09:32:48,2026-08-16T11:32:48,mbLg,II
es2026pzhlw,16/08/2026,06:02:05,08:02:05,37.1564,-3.6301,2.0,1.5,NE CHURRIANA DE LA VEGA.GR,2026-08-16T06:02:05,2026-08-16T08:02:05,mbLg,II
es2026pzeil,16/08/2026,04:27:12,06:27:12,37.1136,-3.6124,6.0,2.8,SW OGÍJARES.GR,2026-08-16T04:27:12,2026-08-16T06:27:12,mbLg,III
es2026pzdsz,16/08/2026,04:09:09,06:09:09,37.0937,-3.59,5.0,1.9,SE GÓJAR.GR,2026-08-16T04:09:09,2026-08-16T06:09:09,mbLg,II
es2026pzbct,16/08/2026,02:49:38,04:49:38,37.1212,-3.6455,0.0,2.1,N ALHENDÍN.GR,2026-08-16T02:49:38,2026-08-16T04:49:38,mbLg,II-III
es2026pzavg,16/08/2026,02:40:54,04:40:54,37.1429,-3.6319,7.0,3.1,NW ARMILLA.GR,2026-08-16T02:40:54,2026-08-16T04:40:54,mbLg,III
es2026pyxen,16/08/2026,00:50:37,02:50:37,37.1053,-3.6013,6.0,2.4,E GÓJAR.GR,2026-08-16T00:50:37,2026-08-16T02:50:37,mbLg,III
es2025ymrte,15/12/2025,09:39:36,10:39:36,38.5177,-7.8646,0.0,3.6,SE EVORA.POR,2025-12-15T09:39:36,2025-12-15T10:39:36,mbLg,II
es2026sdlya,15/09/2026,23:45:29,00:45:29,28.2575,-16.3139,28.0,1.9,SE GÜÍMAR.ITF,2026-09-15T23:45:29,2026-09-15T00:45:29,mbLg,
es2026sdlda,15/09/2026,23:20:28,01:20:28,38.1745,-8.1543,0.0,1.8,NW FERREIRA DO ALENTEJO.POR,2026-09-15T23:20:28,2026-09-15T01:20:28,mbLg,
es2026sdkge,15/09/2026,22:53:53,00:53:53,37.0304,-4.1013,0.0,1.9,NE ZAFARRAYA.GR,2026-09-15T22:53:53,2026-09-15T00:53:53,mbLg,
es2026sdgjj,15/09/2026,20:56:20,22:56:20,42.5125,-7.3413,10.0,1.6,SE A POBRA DO BROLLÓN.LU,2026-09-15T20:56:20,2026-09-15T22:56:20,mbLg,
es2026sdfin,15/09/2026,20:25:03,21:25:03,28.015,-16.1917,5.0,1.5,ATLÁNTICO-CANARIAS,2026-09-15T20:25:03,2026-09-15T21:25:03,mbLg,
es2026scwnx,15/09/2026,15:58:33,17:58:33,43.0572,-0.6071,11.0,2.3,S OLORON STE MARIE.FRA,2026-09-15T15:58:33,2026-09-15T17:58:33,mbLg,
es2026sctux,15/09/2026,14:35:50,16:35:50,36.781,-5.571,21.0,1.6,SW PRADO DEL REY.CA,2026-09-15T14:35:50,2026-09-15T16:35:50,mbLg,
es2026scmkv,15/09/2026,10:51:56,12:51:56,38.0399,-1.5772,0.0,1.9,W MULA.MU,2026-09-15T10:51:56,2026-09-15T12:51:56,mbLg,
es2026scind,15/09/2026,08:53:22,10:53:22,37.8745,-1.1858,0.0,1.7,SE ALCANTARILLA.MU,2026-09-15T08:53:22,2026-09-15T10:53:22,mbLg,
es2026sccnu,15/09/2026,05:52:18,06:52:18,27.7004,-15.5655,32.0,2.3,S SANTA LUCÍA DE TIRAJANA.IGC,2026-09-15T05:52:18,2026-09-15T06:52:18,mbLg,
es2026scbwr,15/09/2026,05:32:20,06:32:20,28.6468,-16.3409,48.0,1.5,N TEGUESTE.ITF,2026-09-15T05:32:20,2026-09-15T06:32:20,mbLg,
es2026scbki,15/09/2026,05:17:57,07:17:57,35.5042,-4.0697,0.0,1.9,ALBORÁN OESTE,2026-09-15T05:17:57,2026-09-15T07:17:57,mbLg,
es2026sbxbf,15/09/2026,03:06:05,04:06:05,28.5667,-17.8361,14.0,1.7,SW VILLA DE MAZO.ILP,2026-09-15T03:06:05,2026-09-15T04:06:05,mbLg,
es2026sbsfv,15/09/2026,00:40:11,02:40:11,37.1801,2.8309,30.0,3.7,MEDITERRÁNEO-ARGELIA,2026-09-15T00:40:11,2026-09-15T02:40:11,M(mb),
es2026sdgob,15/09/2026,21:01:50,23:01:50,42.6777,-7.7037,5.0,2.1,SE TABOADA.LU,2026-09-15T21:01:50,2026-09-15T23:01:50,mbLg,I-II
es2026scrjf,15/09/2026,13:21:34,15:21:34,37.1256,-3.6042,4.0,1.4,NE OGÍJARES.GR,2026-09-15T13:21:34,2026-09-15T15:21:34,mbLg,II
es2026scfea,15/09/2026,07:11:48,09:11:48,36.7417,-2.7751,1.0,1.8,SE EL EJIDO.AL,2026-09-15T07:11:48,2026-09-15T09:11:48,mbLg,II
es2026sbzgw,15/09/2026,04:13:18,06:13:18,37.1395,-3.6289,0.0,1.0,SW ARMILLA.GR,2026-09-15T04:13:18,2026-09-15T06:13:18,mbLg,II
es2026pyveg,15/08/2026,23:49:31,01:49:31,37.1176,-3.5868,5.0,2.1,SW LA ZUBIA.GR,2026-08-15T23:49:31,2026-08-15T01:49:31,mbLg,II-III
es2026pyucc,15/08/2026,23:16:41,01:16:41,37.1024,-3.5851,5.0,2.1,E GÓJAR.GR,2026-08-15T23:16:41,2026-08-15T01:16:41,mbLg,II-III
es2026pytng,15/08/2026,22:59:24,00:59:24,37.1029,-3.6154,5.0,2.0,W GÓJAR.GR,2026-08-15T22:59:24,2026-08-15T00:59:24,mbLg,II
es2026pyrwv,15/08/2026,22:09:57,00:09:57,37.1521,-3.6064,5.0,1.7,NE ARMILLA.GR,2026-08-15T22:09:57,2026-08-15T00:09:57,mbLg,II-III
es2026pyqzs,15/08/2026,21:43:01,23:43:01,37.1234,-3.6279,0.0,1.8,W OGÍJARES.GR,2026-08-15T21:43:01,2026-08-15T23:43:01,mbLg,II
es2026pyiwc,15/08/2026,17:36:20,19:36:20,37.1181,-3.6318,1.0,1.8,NE ALHENDÍN.GR,2026-08-15T17:36:20,2026-08-15T19:36:20,mbLg,II-III
es2026pydnk,15/08/2026,14:54:39,16:54:39,37.1167,-3.5816,7.0,2.2,SE LA ZUBIA.GR,2026-08-15T14:54:39,2026-08-15T16:54:39,mbLg,III
es2026pydhc,15/08/2026,14:47:18,16:47:18,37.1062,-3.6,0.0,1.6,E GÓJAR.GR,2026-08-15T14:47:18,2026-08-15T16:47:18,mbLg,II-III
es2026pxvpn,15/08/2026,10:54:44,12:54:44,37.1147,-3.6881,0.0,2.0,SW LAS GABIAS.GR,2026-08-15T10:54:44,2026-08-15T12:54:44,mbLg,II
es2026pxvgt,15/08/2026,10:44:29,12:44:29,37.0594,-3.616,12.0,2.0,SW DÍLAR.GR,2026-08-15T10:44:29,2026-08-15T12:44:29,mbLg,II
es2026pxuxh,15/08/2026,10:33:26,12:33:26,37.1238,-3.6425,5.0,2.2,N ALHENDÍN.GR,2026-08-15T10:33:26,2026-08-15T12:33:26,mbLg,II
es2026pxuvr,15/08/2026,10:31:47,12:31:47,37.122,-3.6653,0.0,2.1,S LAS GABIAS.GR,2026-08-15T10:31:47,2026-08-15T12:31:47,mbLg,II
es2026pxujc,15/08/2026,10:16:54,12:16:54,37.0844,-3.6542,3.0,2.3,SW VILLA DE OTURA.GR,2026-08-15T10:16:54,2026-08-15T12:16:54,mbLg,II
es2026pxmau,15/08/2026,06:04:44,08:04:44,37.1029,-3.6104,4.0,2.1,SW GÓJAR.GR,2026-08-15T06:04:44,2026-08-15T08:04:44,mbLg,II-III
es2026pxjbc,15/08/2026,04:34:10,06:34:10,37.1096,-3.6055,0.0,3.3,N GÓJAR.GR,2026-08-15T04:34:10,2026-08-15T06:34:10,mbLg,III
es2026pxiqn,15/08/2026,04:21:50,06:21:50,37.1125,-3.6254,3.0,2.2,SW OGÍJARES.GR,2026-08-15T04:21:50,2026-08-15T06:21:50,mbLg,III
es2026pxdvr,15/08/2026,01:56:21,03:56:21,37.0919,-3.5969,0.0,1.9,SE GÓJAR.GR,2026-08-15T01:56:21,2026-08-15T03:56:21,mbLg,II
es2026pxdol,15/08/2026,01:47:54,03:47:54,37.114,-3.5879,4.0,2.1,SW LA ZUBIA.GR,2026-08-15T01:47:54,2026-08-15T03:47:54,mbLg,II-III
es2026pxavh,15/08/2026,00:24:57,02:24:57,37.1324,-3.6287,7.0,1.8,S ARMILLA.GR,2026-08-15T00:24:57,2026-08-15T02:24:57,mbLg,II
es2026pxnug,15/08/2026,06:57:46,08:57:46,37.1002,-3.6159,0.0,3.0,SW GÓJAR.GR,2026-08-15T06:57:46,2026-08-15T08:57:46,mbLg,III-IV
es2026dgblx,15/02/2026,23:55:23,00:55:23,37.0505,-2.3882,0.0,4.2,E TABERNAS.AL,2026-02-15T23:55:23,2026-02-15T00:55:23,Mw,IV
es2026sahky,14/09/2026,06:04:32,07:04:32,27.9557,-16.5308,25.0,1.6,SE SAN MIGUEL DE ABONA.ITF,2026-09-14T06:04:32,2026-09-14T07:04:32,mbLg,
es2026sbnos,14/09/2026,22:18:46,00:18:46,43.0382,-0.1117,6.0,2.1,SW LOURDES.FRA,2026-09-14T22:18:46,2026-09-14T00:18:46,mbLg,
es2026sbihz,14/09/2026,19:39:22,21:39:22,41.0231,1.0194,0.0,2.4,SW CAMBRILS.T,2026-09-14T19:39:22,2026-09-14T21:39:22,mbLg,
es2026sbfzr,14/09/2026,18:29:05,20:29:05,39.2411,-0.6749,4.0,1.8,E MILLARES.V,2026-09-14T18:29:05,2026-09-14T20:29:05,mbLg,
es2026sbfyx,14/09/2026,18:28:10,20:28:10,39.253,-0.7028,0.0,1.6,E MILLARES.V,2026-09-14T18:28:10,2026-09-14T20:28:10,mbLg,
es2026sbdsx,14/09/2026,17:20:36,19:20:36,37.261,-7.3003,20.0,2.1,SE VILLABLANCA.H,2026-09-14T17:20:36,2026-09-14T19:20:36,mbLg,
es2026sbcwj,14/09/2026,16:55:50,17:55:50,28.0601,-16.1814,18.0,1.7,ATLÁNTICO-CANARIAS,2026-09-14T16:55:50,2026-09-14T17:55:50,mbLg,
es2026sbaze,14/09/2026,15:56:58,17:56:58,43.1219,-1.1079,13.0,1.6,SE ST JEAN PIED DE PORT.FRA,2026-09-14T15:56:58,2026-09-14T17:56:58,mbLg,
es2026sawrw,14/09/2026,13:47:13,15:47:13,40.3186,-7.5915,22.0,2.2,NW COVILHA.POR,2026-09-14T13:47:13,2026-09-14T15:47:13,mbLg,
es2026saidt,14/09/2026,06:26:27,07:26:27,28.7539,-16.3046,29.0,1.6,ATLÁNTICO-CANARIAS,2026-09-14T06:26:27,2026-09-14T07:26:27,mbLg,
es2026saetg,14/09/2026,04:43:16,06:43:16,43.0397,-0.4577,0.0,1.6,NW LARUNS.FRA,2026-09-14T04:43:16,2026-09-14T06:43:16,mbLg,
es2026saxtn,14/09/2026,14:20:25,16:20:25,37.1116,-3.6041,2.0,1.5,NE GÓJAR.GR,2026-09-14T14:20:25,2026-09-14T16:20:25,mbLg,II-III
es2026saini,14/09/2026,06:37:36,08:37:36,37.1369,-3.5826,12.0,1.5,W CÁJAR.GR,2026-09-14T06:37:36,2026-09-14T08:37:36,mbLg,II
es2026rzywr,14/09/2026,01:46:41,03:46:41,37.1224,-3.6064,13.0,1.6,NE OGÍJARES.GR,2026-09-14T01:46:41,2026-09-14T03:46:41,mbLg,II
es2026pwzea,14/08/2026,23:34:31,01:34:31,37.0997,-3.6248,0.0,2.6,NE VILLA DE OTURA.GR,2026-08-14T23:34:31,2026-08-14T01:34:31,mbLg,II-III
es2026pwyjj,14/08/2026,23:10:25,01:10:25,37.1122,-3.5986,1.0,2.6,NE GÓJAR.GR,2026-08-14T23:10:25,2026-08-14T01:10:25,mbLg,II-III
es2026pwyib,14/08/2026,23:08:56,01:08:56,37.1371,-3.6024,6.0,2.1,NE OGÍJARES.GR,2026-08-14T23:08:56,2026-08-14T01:08:56,mbLg,I-II
es2026pwweq,14/08/2026,22:04:17,00:04:17,37.1195,-3.6089,0.0,2.3,NE OGÍJARES.GR,2026-08-14T22:04:17,2026-08-14T00:04:17,mbLg,II-III
es2026pwofz,14/08/2026,18:03:25,20:03:25,37.0987,-3.6313,0.0,2.2,NE VILLA DE OTURA.GR,2026-08-14T18:03:25,2026-08-14T20:03:25,mbLg,II-III
es2026pvrre,14/08/2026,06:39:24,08:39:24,37.0937,-3.5859,11.0,1.9,SE GÓJAR.GR,2026-08-14T06:39:24,2026-08-14T08:39:24,mbLg,II
es2026pwyek,14/08/2026,23:04:40,01:04:40,37.1187,-3.6344,0.0,4.8,NE ALHENDÍN.GR,2026-08-14T23:04:40,2026-08-14T01:04:40,Mw,V-VI
es2026pwlpq,14/08/2026,16:43:45,18:43:45,37.1251,-3.5963,5.0,3.7,NW LA ZUBIA.GR,2026-08-14T16:43:45,2026-08-14T18:43:45,Mw,IV
es2025yiivy,13/12/2025,00:38:09,01:38:09,40.6159,-7.5169,22.0,4.1,E FORNOS DE.POR,2025-12-13T00:38:09,2025-12-13T01:38:09,mbLg,III
es2026rzqpa,13/09/2026,21:34:04,23:34:04,43.0094,-0.1503,0.0,2.2,SW LOURDES.FRA,2026-09-13T21:34:04,2026-09-13T23:34:04,mbLg,
es2026rzlpu,13/09/2026,19:03:24,21:03:24,43.0205,-0.1848,0.0,1.8,SW LOURDES.FRA,2026-09-13T19:03:24,2026-09-13T21:03:24,mbLg,
es2026rzlog,13/09/2026,19:01:39,21:01:39,42.2601,-7.7746,12.0,1.5,SW PADERNE DE ALLARIZ.OU,2026-09-13T19:01:39,2026-09-13T21:01:39,mbLg,
es2026rzhwe,13/09/2026,17:09:37,19:09:37,38.5104,-8.0231,12.0,1.6,SW EVORA.POR,2026-09-13T17:09:37,2026-09-13T19:09:37,mbLg,
es2026rzhsn,13/09/2026,17:05:22,19:05:22,36.3303,-9.93,27.0,2.2,SW CABO DE SAN VICENTE,2026-09-13T17:05:22,2026-09-13T19:05:22,mbLg,
es2026rzgsr,13/09/2026,16:35:14,18:35:14,39.4967,-2.8667,2.0,1.9,SE MOTA DEL CUERVO.CU,2026-09-13T16:35:14,2026-09-13T18:35:14,mbLg,
es2026rzglk,13/09/2026,16:26:47,17:26:47,28.1606,-16.203,18.0,1.5,ATLÁNTICO-CANARIAS,2026-09-13T16:26:47,2026-09-13T17:26:47,mbLg,
es2026rzgib,13/09/2026,16:22:51,17:22:51,28.4567,-15.7436,13.0,1.8,ATLÁNTICO-CANARIAS,2026-09-13T16:22:51,2026-09-13T17:22:51,mbLg,
es2026rzbrb,13/09/2026,14:01:48,16:01:48,37.6373,-3.3614,0.0,2.0,E HUELMA.J,2026-09-13T14:01:48,2026-09-13T16:01:48,mbLg,
es2026rzbog,13/09/2026,13:58:33,15:58:33,44.0462,-7.6317,3.0,2.0,CANTÁBRICO,2026-09-13T13:58:33,2026-09-13T15:58:33,mbLg,
es2026rytjp,13/09/2026,09:50:38,11:50:38,35.5842,-3.5273,0.0,2.2,ALBORÁN SUR,2026-09-13T09:50:38,2026-09-13T11:50:38,mbLg,
es2026rysdc,13/09/2026,09:13:00,11:13:00,35.5446,-3.6105,1.0,2.6,ALBORÁN SUR,2026-09-13T09:13:00,2026-09-13T11:13:00,mbLg,
es2026ryqds,13/09/2026,08:12:53,09:12:53,28.1639,-15.7121,20.0,2.2,NW GÁLDAR.IGC,2026-09-13T08:12:53,2026-09-13T09:12:53,mbLg,
es2026ryncp,13/09/2026,06:40:36,07:40:36,28.1502,-16.2165,18.0,1.8,ATLÁNTICO-CANARIAS,2026-09-13T06:40:36,2026-09-13T07:40:36,mbLg,
es2026rylfa,13/09/2026,05:42:51,06:42:51,28.0781,-16.1665,22.0,1.9,ATLÁNTICO-CANARIAS,2026-09-13T05:42:51,2026-09-13T06:42:51,mbLg,
es2026rykrj,13/09/2026,05:26:58,07:26:58,40.41,-0.7426,11.0,1.6,SW GÚDAR.TE,2026-09-13T05:26:58,2026-09-13T07:26:58,mbLg,
es2026rzhyr,13/09/2026,17:13:23,19:13:23,37.1111,-3.6259,0.0,1.4,SW OGÍJARES.GR,2026-09-13T17:13:23,2026-09-13T19:13:23,mbLg,II
es2026ryvzh,13/09/2026,11:09:33,13:09:33,37.1192,-3.6023,2.0,1.0,E OGÍJARES.GR,2026-09-13T11:09:33,2026-09-13T13:09:33,mbLg,I-II
es2026ryplu,13/09/2026,07:53:57,09:53:57,37.1242,-3.6074,0.0,1.9,NE OGÍJARES.GR,2026-09-13T07:53:57,2026-09-13T09:53:57,mbLg,II-III
es2026rxzyw,13/09/2026,00:02:20,02:02:20,37.1412,-3.5956,11.0,1.3,W HUÉTOR VEGA.GR,2026-09-13T00:02:20,2026-09-13T02:02:20,mbLg,I-II
es2026puwlz,13/08/2026,19:56:53,21:56:53,37.3127,-1.9547,11.0,2.8,W CUEVAS DEL ALMANZORA.AL,2026-08-13T19:56:53,2026-08-13T21:56:53,mbLg,II
es2026puukx,13/08/2026,18:55:01,20:55:01,37.3191,-1.9866,6.0,2.3,SE ZURGENA.AL,2026-08-13T18:55:01,2026-08-13T20:55:01,mbLg,II
es2026puujm,13/08/2026,18:53:22,20:53:22,37.3214,-1.9645,4.0,3.7,SE ZURGENA.AL,2026-08-13T18:53:22,2026-08-13T20:53:22,mbLg,III-IV
es2026dcehm,13/02/2026,20:49:11,21:49:11,36.5829,-5.3791,5.0,4.0,SW CORTES DE LA FRONTERA.MA,2026-02-13T20:49:11,2026-02-13T21:49:11,Mw,IV
es2026rxzht,12/09/2026,23:42:23,01:42:23,36.7919,-2.3254,12.0,1.5,SE ALMERÍA.AL,2026-09-12T23:42:23,2026-09-12T01:42:23,mbLg,
es2026rxypt,12/09/2026,23:21:24,01:21:24,42.1476,-6.9826,11.0,2.1,E VIANA DO BOLO.OU,2026-09-12T23:21:24,2026-09-12T01:21:24,mbLg,
es2026rxsxs,12/09/2026,20:28:50,22:28:50,41.0797,-8.4469,7.0,1.7,SE GONDOMAR.POR,2026-09-12T20:28:50,2026-09-12T22:28:50,mbLg,
es2026rxssm,12/09/2026,20:22:44,22:22:44,37.3073,-8.55,8.0,1.6,SE MONCHIQUE.POR,2026-09-12T20:22:44,2026-09-12T22:22:44,mbLg,
es2026rxojv,12/09/2026,18:11:23,20:11:23,42.8995,-4.9536,6.0,1.5,NE PRIORO.LE,2026-09-12T18:11:23,2026-09-12T20:11:23,mbLg,
es2026rxgqe,12/09/2026,14:16:14,16:16:14,43.9089,-9.7161,0.0,2.4,ATLÁNTICO-GALICIA,2026-09-12T14:16:14,2026-09-12T16:16:14,mbLg,
es2026rxaun,12/09/2026,11:19:33,13:19:33,35.5062,-3.6606,16.0,1.9,ALBORÁN SUR,2026-09-12T11:19:33,2026-09-12T13:19:33,mbLg,
es2026rwpyr,12/09/2026,05:51:01,07:51:01,42.8969,-4.8974,0.0,1.8,E PRIORO.LE,2026-09-12T05:51:01,2026-09-12T07:51:01,mbLg,
es2026rxtdr,12/09/2026,20:36:52,22:36:52,37.1223,-3.5806,4.0,1.5,NE LA ZUBIA.GR,2026-09-12T20:36:52,2026-09-12T22:36:52,mbLg,II-III
es2026rwmgw,12/09/2026,03:59:21,05:59:21,42.92,-4.8875,0.0,2.7,SE BOCA DE HUÉRGANO.LE,2026-09-12T03:59:21,2026-09-12T05:59:21,mbLg,II
es2026rwmgo,12/09/2026,03:59:00,05:59:00,37.1162,-3.5731,7.0,1.0,SE LA ZUBIA.GR,2026-09-12T03:59:00,2026-09-12T05:59:00,mbLg,I-II
es2026rwllp,12/09/2026,03:34:34,05:34:34,37.1069,-3.5676,7.0,1.4,SE LA ZUBIA.GR,2026-09-12T03:34:34,2026-09-12T05:34:34,mbLg,I-II
es2026rwkub,12/09/2026,03:14:06,05:14:06,37.1093,-3.6415,0.0,1.6,E ALHENDÍN.GR,2026-09-12T03:14:06,2026-09-12T05:14:06,mbLg,II-III
es2025rwhlj,12/09/2025,01:33:04,03:33:04,37.1977,-3.7255,0.0,3.1,NW SANTA FE.GR,2025-09-12T01:33:04,2025-09-12T03:33:04,mbLg,IV
es2026rvgpp,11/09/2026,11:59:42,13:59:42,36.6683,-4.3059,0.0,1.5,SW RINCÓN DE LA VICTORIA.MA,2026-09-11T11:59:42,2026-09-11T13:59:42,mbLg,
es2026rvvux,11/09/2026,19:40:28,21:40:28,35.7577,-4.7167,35.0,2.6,ALBORÁN OESTE,2026-09-11T19:40:28,2026-09-11T21:40:28,mbLg,
es2026rvvkz,11/09/2026,19:28:56,21:28:56,37.9877,-4.0447,6.0,1.6,NW LAHIGUERA.J,2026-09-11T19:28:56,2026-09-11T21:28:56,mbLg,
es2026rvonx,11/09/2026,16:00:13,18:00:13,43.1466,-1.4368,0.0,1.5,E BAZTAN.NA,2026-09-11T16:00:13,2026-09-11T18:00:13,mbLg,
es2026rvlaq,11/09/2026,14:13:47,16:13:47,37.7396,-6.6177,4.0,2.0,SW CAMPOFRÍO.H,2026-09-11T14:13:47,2026-09-11T16:13:47,mbLg,
es2026rvdsh,11/09/2026,10:31:54,12:31:54,43.0306,-0.0718,0.0,1.6,SW LOURDES.FRA,2026-09-11T10:31:54,2026-09-11T12:31:54,mbLg,
es2026rumlx,11/09/2026,01:49:15,03:49:15,37.5477,-1.787,4.0,1.5,SE PUERTO LUMBRERAS.MU,2026-09-11T01:49:15,2026-09-11T03:49:15,mbLg,
es2026rujot,11/09/2026,00:21:37,02:21:37,42.8922,-4.8933,0.0,2.0,E PRIORO.LE,2026-09-11T00:21:37,2026-09-11T02:21:37,mbLg,
es2026rwboe,11/09/2026,22:34:29,00:34:29,37.1378,-3.6132,8.0,1.4,E ARMILLA.GR,2026-09-11T22:34:29,2026-09-11T00:34:29,mbLg,I-II
es2026rvwqr,11/09/2026,20:05:52,22:05:52,35.5214,-3.5472,25.0,1.9,ALBORÁN SUR,2026-09-11T20:05:52,2026-09-11T22:05:52,mbLg,II
es2026rvtud,11/09/2026,18:38:58,20:38:58,37.1016,-3.6137,10.0,1.5,SW GÓJAR.GR,2026-09-11T18:38:58,2026-09-11T20:38:58,mbLg,I-II
es2026rurzr,11/09/2026,04:36:49,06:36:49,37.1313,-3.593,0.0,1.4,NW LA ZUBIA.GR,2026-09-11T04:36:49,2026-09-11T06:36:49,mbLg,II
es2026ruiaz,10/09/2026,23:35:29,01:35:29,37.3306,-2.0152,2.0,1.8,SE ZURGENA.AL,2026-09-10T23:35:29,2026-09-10T01:35:29,mbLg,
es2026ruhbr,10/09/2026,23:05:48,01:05:48,42.9174,-0.7419,0.0,1.6,NE ANSÓ.HU,2026-09-10T23:05:48,2026-09-10T01:05:48,mbLg,
es2026rugzu,10/09/2026,23:03:35,01:03:35,42.1643,-7.1491,0.0,1.6,E VILARIÑO DE CONSO.OU,2026-09-10T23:03:35,2026-09-10T01:03:35,mbLg,
es2026rtymc,10/09/2026,18:45:09,20:45:09,36.6894,-8.0822,24.0,2.2,GOLFO DE CÁDIZ,2026-09-10T18:45:09,2026-09-10T20:45:09,mbLg,
es2026rtvor,10/09/2026,17:17:14,18:17:14,27.9267,-18.121,3.0,2.2,NW FRONTERA.IHI,2026-09-10T17:17:14,2026-09-10T18:17:14,mbLg,
es2026rtrib,10/09/2026,15:08:18,17:08:18,42.9498,-4.8964,0.0,2.0,SE BOCA DE HUÉRGANO.LE,2026-09-10T15:08:18,2026-09-10T17:08:18,mbLg,
es2026rtnsb,10/09/2026,13:18:43,15:18:43,37.8581,-3.2122,8.0,2.2,SW PEAL DE BECERRO.J,2026-09-10T13:18:43,2026-09-10T15:18:43,mbLg,
es2026rtdur,10/09/2026,08:21:28,10:21:28,42.9956,3.0924,26.0,1.7,S PORT LA NOUVELLE.FRA,2026-09-10T08:21:28,2026-09-10T10:21:28,mbLg,
es2026rszmq,10/09/2026,06:08:08,08:08:08,36.7576,-4.5589,62.0,2.5,S ALMOGÍA.MA,2026-09-10T06:08:08,2026-09-10T08:08:08,mb,
es2026rsyab,10/09/2026,05:23:07,07:23:07,37.2894,-1.6313,1.0,2.0,SE PULPÍ.AL,2026-09-10T05:23:07,2026-09-10T07:23:07,mbLg,
es2026rsvda,10/09/2026,03:55:40,05:55:40,36.8243,-9.3034,35.0,2.2,SW CABO DE SAN VICENTE,2026-09-10T03:55:40,2026-09-10T05:55:40,mbLg,
es2026rueru,10/09/2026,21:53:39,23:53:39,37.1124,-3.5829,5.0,1.2,S LA ZUBIA.GR,2026-09-10T21:53:39,2026-09-10T23:53:39,mbLg,II
es2026rtjhg,10/09/2026,11:04:54,13:04:54,37.1216,-3.5847,6.0,1.4,NE LA ZUBIA.GR,2026-09-10T11:04:54,2026-09-10T13:04:54,mbLg,II
es2026rstzx,10/09/2026,03:21:43,05:21:43,37.1606,-3.6223,9.0,1.2,N ARMILLA.GR,2026-09-10T03:21:43,2026-09-10T05:21:43,mbLg,I-II
es2026rsoep,10/09/2026,00:25:22,02:25:22,37.9793,-0.6746,0.0,1.7,E TORREVIEJA.A,2026-09-10T00:25:22,2026-09-10T02:25:22,mbLg,II
es2026rtphl,10/09/2026,14:06:57,16:06:57,42.9033,-4.8909,0.0,3.4,E PRIORO.LE,2026-09-10T14:06:57,2026-09-10T16:06:57,mbLg,IV
es2026ppruf,10/08/2026,23:54:59,01:54:59,38.2163,-3.9638,2.0,2.7,W BAÑOS DE LA ENCINA.J,2026-08-10T23:54:59,2026-08-10T01:54:59,mbLg,II
es2025yblpp,09/12/2025,06:05:44,07:05:44,35.4935,-3.7033,5.0,3.6,ALBORÁN SUR,2025-12-09T06:05:44,2025-12-09T07:05:44,mbLg,III
es2026rskqh,09/09/2026,22:37:42,00:37:42,36.4923,4.7523,0.0,3.8,SW BEJAIA.ARG,2026-09-09T22:37:42,2026-09-09T00:37:42,M(mb),
es2026rshem,09/09/2026,20:53:03,21:53:03,28.111,-16.348,26.0,1.5,SE ARICO.ITF,2026-09-09T20:53:03,2026-09-09T21:53:03,mbLg,
es2026rscei,09/09/2026,18:21:17,19:21:17,28.1505,-16.2179,19.0,1.9,ATLÁNTICO-CANARIAS,2026-09-09T18:21:17,2026-09-09T19:21:17,mbLg,
es2026rrpna,09/09/2026,11:57:29,13:57:29,36.6796,-7.8858,8.0,1.8,GOLFO DE CÁDIZ,2026-09-09T11:57:29,2026-09-09T13:57:29,mbLg,
es2026rrkxy,09/09/2026,09:38:40,11:38:40,37.0904,-3.5407,12.0,1.5,S MONACHIL.GR,2026-09-09T09:38:40,2026-09-09T11:38:40,mbLg,
es2026rrkky,09/09/2026,09:23:35,11:23:35,37.7873,-1.0913,12.0,1.9,NE FUENTE ÁLAMO DE MURCIA.MU,2026-09-09T09:23:35,2026-09-09T11:23:35,mbLg,
es2026rrjno,09/09/2026,08:56:15,10:56:15,43.2433,1.1152,24.0,1.7,W RIEUX.FRA,2026-09-09T08:56:15,2026-09-09T10:56:15,mbLg,
es2026rrfiv,09/09/2026,06:49:30,08:49:30,42.4283,1.3888,11.0,1.8,NW LES VALLS DE VALIRA.L,2026-09-09T06:49:30,2026-09-09T08:49:30,mbLg,
es2026rreuw,09/09/2026,06:33:16,08:33:16,43.0432,-0.4536,1.0,1.9,NW LARUNS.FRA,2026-09-09T06:33:16,2026-09-09T08:33:16,mbLg,
es2026rsjij,09/09/2026,21:58:11,23:58:11,37.1175,-3.6215,0.0,1.8,W OGÍJARES.GR,2026-09-09T21:58:11,2026-09-09T23:58:11,mbLg,II
es2026rrxgs,09/09/2026,15:52:37,17:52:37,37.1058,-3.5849,10.0,1.6,S LA ZUBIA.GR,2026-09-09T15:52:37,2026-09-09T17:52:37,mbLg,II
es2026rrhvw,09/09/2026,08:05:20,09:05:20,28.0943,-15.6831,7.0,2.8,SE AGAETE.IGC,2026-09-09T08:05:20,2026-09-09T09:05:20,mbLg,III
es2026lfuqi,09/06/2026,16:10:28,18:10:28,36.5045,-9.8555,38.0,3.9,SW CABO DE SAN VICENTE,2026-06-09T16:10:28,2026-06-09T18:10:28,mbLg,
es2026cugde,09/02/2026,12:40:51,13:40:51,36.6136,-5.4513,0.0,3.7,W CORTES DE LA FRONTERA.MA,2026-02-09T12:40:51,2026-02-09T13:40:51,Mw,IV
es2025yanhe,08/12/2025,17:48:32,18:48:32,37.9136,-1.1021,0.0,2.6,SE MURCIA.MU,2025-12-08T17:48:32,2025-12-08T18:48:32,mbLg,III-IV
es2026rqrpp,08/09/2026,23:53:07,01:53:07,35.4385,-3.5339,18.0,2.0,ALBORÁN SUR,2026-09-08T23:53:07,2026-09-08T01:53:07,mbLg,
es2026rqmly,08/09/2026,21:17:19,22:17:19,27.9432,-18.072,27.0,2.1,NW VALVERDE.IHI,2026-09-08T21:17:19,2026-09-08T22:17:19,mbLg,
es2026rprix,08/09/2026,10:37:21,12:37:21,37.1112,-3.6037,8.0,1.5,NE GÓJAR.GR,2026-09-08T10:37:21,2026-09-08T12:37:21,mbLg,
es2026rpbrn,08/09/2026,02:42:26,03:42:26,27.628,-18.0386,8.0,1.5,SW EL PINAR DE EL HIERRO.IHI,2026-09-08T02:42:26,2026-09-08T03:42:26,mbLg,
es2026rqqrn,08/09/2026,23:25:04,01:25:04,37.1618,-3.6397,7.0,1.6,NE CHURRIANA DE LA VEGA.GR,2026-09-08T23:25:04,2026-09-08T01:25:04,mbLg,II-III
es2026rqivu,08/09/2026,19:27:48,21:27:48,37.1086,-3.6142,3.0,1.1,NW GÓJAR.GR,2026-09-08T19:27:48,2026-09-08T21:27:48,mbLg,II
es2026rqcww,08/09/2026,16:26:58,18:26:58,37.0942,-3.5953,4.0,1.7,SE GÓJAR.GR,2026-09-08T16:26:58,2026-09-08T18:26:58,mbLg,II-III
es2026rpgtd,08/09/2026,05:16:40,07:16:40,37.1735,-3.6132,10.0,1.6,W GRANADA.GR,2026-09-08T05:16:40,2026-09-08T07:16:40,mbLg,II
es2026pljpk,08/08/2026,15:14:57,17:14:57,37.0569,-2.3455,0.0,1.9,E TABERNAS.AL,2026-08-08T15:14:57,2026-08-08T17:14:57,mbLg,II
es2026csebg,08/02/2026,09:22:00,10:22:00,36.5361,-5.3375,8.0,2.8,NW GAUCÍN.MA,2026-02-08T09:22:00,2026-02-08T10:22:00,mbLg,III-IV
es2026crviz,08/02/2026,04:58:15,05:58:15,36.7471,-5.5494,0.0,2.9,W EL BOSQUE.CA,2026-02-08T04:58:15,2026-02-08T05:58:15,mbLg,IV
es2026crvhw,08/02/2026,04:56:58,05:56:58,36.7651,-5.5168,4.0,2.8,NW EL BOSQUE.CA,2026-02-08T04:56:58,2026-02-08T05:56:58,mbLg,III-IV
es2025xzcjy,07/12/2025,23:10:23,00:10:23,42.8431,-2.7851,0.0,3.8,NE IRUÑA OKA/IRUÑA DE OCA.VI,2025-12-07T23:10:23,2025-12-07T00:10:23,Mw,IV
es2026roptn,07/09/2026,20:41:07,22:41:07,36.551,-3.0559,0.0,1.6,ALBORÁN NORTE,2026-09-07T20:41:07,2026-09-07T22:41:07,mbLg,
es2026rnwfs,07/09/2026,10:49:09,12:49:09,37.0314,-3.7482,10.0,1.8,SE ESCÚZAR.GR,2026-09-07T10:49:09,2026-09-07T12:49:09,mbLg,
es2026rnumu,07/09/2026,09:56:47,11:56:47,38.3283,-0.2797,17.0,1.8,MEDITERRÁNEO-LEVANTE SUR,2026-09-07T09:56:47,2026-09-07T11:56:47,mbLg,
es2026rnkfm,07/09/2026,04:45:06,05:45:06,28.1756,-16.2024,7.0,1.5,ATLÁNTICO-CANARIAS,2026-09-07T04:45:06,2026-09-07T05:45:06,mbLg,
es2026rndmj,07/09/2026,01:21:01,02:21:01,28.0203,-16.2718,17.0,2.1,ATLÁNTICO-CANARIAS,2026-09-07T01:21:01,2026-09-07T02:21:01,mbLg,
es2026ropmr,07/09/2026,20:33:16,22:33:16,37.1606,-3.6551,0.0,1.6,NW CHURRIANA DE LA VEGA.GR,2026-09-07T20:33:16,2026-09-07T22:33:16,mbLg,II-III
es2026roklc,07/09/2026,17:59:45,18:59:45,28.0955,-15.6994,3.0,2.3,S AGAETE.IGC,2026-09-07T17:59:45,2026-09-07T18:59:45,mbLg,III
es2026rohvy,07/09/2026,16:42:43,18:42:43,37.14,-3.6542,3.0,1.4,NE LAS GABIAS.GR,2026-09-07T16:42:43,2026-09-07T18:42:43,mbLg,II
es2026rohkc,07/09/2026,16:28:27,18:28:27,37.1534,-3.6304,4.0,1.2,NE CHURRIANA DE LA VEGA.GR,2026-09-07T16:28:27,2026-09-07T18:28:27,mbLg,II
es2026roajo,07/09/2026,12:54:54,14:54:54,37.0997,-3.6027,4.0,1.7,SE GÓJAR.GR,2026-09-07T12:54:54,2026-09-07T14:54:54,mbLg,II
es2026rnrkw,07/09/2026,08:23:39,10:23:39,37.1366,-3.5904,10.0,1.1,W CÁJAR.GR,2026-09-07T08:23:39,2026-09-07T10:23:39,mbLg,I-II
es2026rnncy,07/09/2026,06:13:07,08:13:07,38.2311,-2.314,2.0,2.7,N NERPIO.AB,2026-09-07T06:13:07,2026-09-07T08:13:07,mbLg,II
es2026rnlaw,07/09/2026,05:10:09,07:10:09,37.1564,-3.6217,12.0,1.4,NE ARMILLA.GR,2026-09-07T05:10:09,2026-09-07T07:10:09,mbLg,I-II
es2026rnjmp,07/09/2026,04:23:13,06:23:13,37.1947,-3.6418,0.0,1.7,SW MARACENA.GR,2026-09-07T04:23:13,2026-09-07T06:23:13,mbLg,Sentido
es2026rnfbx,07/09/2026,02:09:29,04:09:29,37.0998,-3.5757,6.0,1.6,SE LA ZUBIA.GR,2026-09-07T02:09:29,2026-09-07T04:09:29,mbLg,Sentido
es2026rmhnk,06/09/2026,14:15:32,15:15:32,28.1888,-16.202,16.0,1.8,ATLÁNTICO-CANARIAS,2026-09-06T14:15:32,2026-09-06T15:15:32,mbLg,
es2026rmevu,06/09/2026,12:54:24,14:54:24,42.739,1.07,5.0,2.0,NW ALT ÀNEU.L,2026-09-06T12:54:24,2026-09-06T14:54:24,mbLg,
es2026rmevi,06/09/2026,12:53:51,14:53:51,36.6902,-3.3064,1.0,1.6,SE GUALCHOS.GR,2026-09-06T12:53:51,2026-09-06T14:53:51,mbLg,
es2026rlzpp,06/09/2026,10:15:35,12:15:35,36.8237,-8.1937,6.0,2.6,GOLFO DE CÁDIZ,2026-09-06T10:15:35,2026-09-06T12:15:35,mbLg,
es2026rlngs,06/09/2026,04:01:47,06:01:47,37.4738,2.5639,6.0,1.8,MEDITERRÁNEO-ARGELIA,2026-09-06T04:01:47,2026-09-06T06:01:47,mbLg,
es2026rlmyk,06/09/2026,03:51:54,05:51:54,36.6838,-9.8107,16.0,2.5,SW CABO DE SAN VICENTE,2026-09-06T03:51:54,2026-09-06T05:51:54,mbLg,
es2026rljuv,06/09/2026,02:16:48,04:16:48,36.9383,-4.82,32.0,1.5,NE ARDALES.MA,2026-09-06T02:16:48,2026-09-06T04:16:48,mbLg,
es2026rmfdw,06/09/2026,13:04:18,15:04:18,37.1004,-3.6271,0.0,2.4,NE VILLA DE OTURA.GR,2026-09-06T13:04:18,2026-09-06T15:04:18,mbLg,Sentido
es2026rlzcq,06/09/2026,10:00:32,12:00:32,42.3605,-7.2502,0.0,1.2,N A POBRA DE TRIVES.OU,2026-09-06T10:00:32,2026-09-06T12:00:32,mbLg,Sentido
es2026rlrgu,06/09/2026,06:02:53,08:02:53,37.123,-3.6325,2.0,1.9,SW ARMILLA.GR,2026-09-06T06:02:53,2026-09-06T08:02:53,mbLg,Sentido
es2026rlotu,06/09/2026,04:47:08,05:47:08,28.0762,-15.674,1.0,1.4,SE AGAETE.IGC,2026-09-06T04:47:08,2026-09-06T05:47:08,mbLg,II
es2026ivfmn,06/05/2026,10:16:00,12:16:00,36.981,-3.6559,3.0,2.9,SW PADUL.GR,2026-05-06T10:16:00,2026-05-06T12:16:00,mbLg,IV
es2026iuyfm,06/05/2026,06:35:37,08:35:37,35.72,-5.3639,2.0,3.2,NW MDIC (M DIK).MAC,2026-05-06T06:35:37,2026-05-06T08:35:37,mbLg,III-IV
es2026iuxtm,06/05/2026,06:21:41,08:21:41,35.7119,-5.3211,4.0,3.2,N MDIC (M DIK).MAC,2026-05-06T06:21:41,2026-05-06T08:21:41,mbLg,III-IV
es2026eogwz,06/03/2026,17:12:59,18:12:59,34.7688,-5.8146,4.0,3.7,SE ARBAOUA.MAC,2026-03-06T17:12:59,2026-03-06T18:12:59,mbLg,
es2025xuklh,05/12/2025,09:38:35,10:38:35,36.5159,-4.6081,78.0,4.2,SE FUENGIROLA.MA,2025-12-05T09:38:35,2025-12-05T10:38:35,Mw,III
es2025tmsik,05/10/2025,06:38:39,08:38:39,35.991,-10.2845,30.0,4.3,SW CABO DE SAN VICENTE,2025-10-05T06:38:39,2025-10-05T08:38:39,mbLg,
es2026rldlm,05/09/2026,23:04:05,01:04:05,37.1642,-3.617,7.0,1.5,SW GRANADA.GR,2026-09-05T23:04:05,2026-09-05T01:04:05,mbLg,
es2026rkxjr,05/09/2026,20:00:06,22:00:06,34.3338,-5.9756,2.0,3.4,NW SIDI SLIMANE.MAC,2026-09-05T20:00:06,2026-09-05T22:00:06,mbLg,
es2026rkiwo,05/09/2026,12:40:31,14:40:31,36.721,-4.7355,81.0,2.0,SW PIZARRA.MA,2026-09-05T12:40:31,2026-09-05T14:40:31,mb,
es2026rjzwm,05/09/2026,08:07:42,10:07:42,42.5208,1.4498,3.0,2.0,E ALINS.L,2026-09-05T08:07:42,2026-09-05T10:07:42,mbLg,
es2026rjtzy,05/09/2026,05:09:53,07:09:53,36.9399,-10.7377,0.0,2.0,SW CABO DE SAN VICENTE,2026-09-05T05:09:53,2026-09-05T07:09:53,mbLg,
es2026rjmom,05/09/2026,01:24:21,03:24:21,32.1375,-16.2851,0.0,3.4,ATLÁNTICO-MADEIRA,2026-09-05T01:24:21,2026-09-05T03:24:21,M(mb),
es2026rjldf,05/09/2026,00:40:53,02:40:53,36.4239,2.1629,16.0,2.7,NE AIN DEFLA.ARG,2026-09-05T00:40:53,2026-09-05T02:40:53,M(mb),
es2026rldpo,05/09/2026,23:08:48,01:08:48,37.1702,-3.6273,11.0,1.5,W GRANADA.GR,2026-09-05T23:08:48,2026-09-05T01:08:48,mbLg,Sentido
es2026rkzei,05/09/2026,20:54:28,22:54:28,37.1524,-3.621,5.0,1.5,NE ARMILLA.GR,2026-09-05T20:54:28,2026-09-05T22:54:28,mbLg,Sentido
es2026rktoy,05/09/2026,18:05:04,20:05:04,37.1004,-3.6104,0.0,1.9,SW GÓJAR.GR,2026-09-05T18:05:04,2026-09-05T20:05:04,mbLg,Sentido
es2026cmetd,05/02/2026,02:54:59,03:54:59,34.7733,-4.8318,40.0,3.6,NE RHAFSAI.MAC,2026-02-05T02:54:59,2026-02-05T03:54:59,mbLg,
es2025tkzqf,04/10/2025,08:03:54,10:03:54,37.9522,-9.3999,35.0,3.6,ATLÁNTICO-PORTUGAL,2025-10-04T08:03:54,2025-10-04T10:03:54,mbLg,
es2026rjiid,04/09/2026,23:15:42,01:15:42,36.2361,-8.5796,0.0,1.5,GOLFO DE CÁDIZ,2026-09-04T23:15:42,2026-09-04T01:15:42,mbLg,
es2026rjakv,04/09/2026,19:16:24,21:16:24,37.1816,-3.6323,7.0,1.5,S MARACENA.GR,2026-09-04T19:16:24,2026-09-04T21:16:24,mbLg,
es2026rizlb,04/09/2026,18:46:55,20:46:55,35.5154,-3.5335,26.0,2.2,ALBORÁN SUR,2026-09-04T18:46:55,2026-09-04T20:46:55,mbLg,
es2026rhsxf,04/09/2026,02:20:23,04:20:23,43.0771,-0.6181,9.0,1.7,S OLORON STE MARIE.FRA,2026-09-04T02:20:23,2026-09-04T04:20:23,mbLg,
es2026rhrdu,04/09/2026,01:27:27,03:27:27,43.0259,-0.1757,8.0,1.9,SW LOURDES.FRA,2026-09-04T01:27:27,2026-09-04T03:27:27,mbLg,
es2026rhpuc,04/09/2026,00:45:49,02:45:49,38.6593,-0.3737,9.0,1.9,E BENIFALLIM.A,2026-09-04T00:45:49,2026-09-04T02:45:49,mbLg,
es2026rhphl,04/09/2026,00:31:56,02:31:56,40.3231,-2.9484,0.0,1.8,NE ALMOGUERA.GU,2026-09-04T00:31:56,2026-09-04T02:31:56,mbLg,
es2026rioox,04/09/2026,13:17:44,15:17:44,37.1545,-3.6573,1.0,2.2,NW CHURRIANA DE LA VEGA.GR,2026-09-04T13:17:44,2026-09-04T15:17:44,mbLg,Sentido
es2026rigtr,04/09/2026,09:20:33,11:20:33,37.1236,-3.5977,13.0,1.5,NE OGÍJARES.GR,2026-09-04T09:20:33,2026-09-04T11:20:33,mbLg,Sentido
es2026ridsq,04/09/2026,07:48:27,09:48:27,37.1976,-3.6394,7.0,1.6,SW MARACENA.GR,2026-09-04T07:48:27,2026-09-04T09:48:27,mbLg,Sentido
es2026rhxwj,04/09/2026,04:50:56,06:50:56,37.1272,-3.5792,9.0,1.4,NE LA ZUBIA.GR,2026-09-04T04:50:56,2026-09-04T06:50:56,mbLg,Sentido
es2026rhuej,04/09/2026,02:59:01,04:59:01,37.1632,-3.6283,3.0,1.5,NE CHURRIANA DE LA VEGA.GR,2026-09-04T02:59:01,2026-09-04T04:59:01,mbLg,Sentido
es2026pdrqx,04/08/2026,10:15:15,12:15:15,38.5096,-0.9222,0.0,1.5,SW SALINAS.A,2026-08-04T10:15:15,2026-08-04T12:15:15,mbLg,II
es2026rhkxv,03/09/2026,22:18:38,00:18:38,35.8234,-2.2197,20.0,1.6,ALBORÁN SUR,2026-09-03T22:18:38,2026-09-03T00:18:38,mbLg,
es2026rhgat,03/09/2026,19:50:30,20:50:30,28.0748,-15.676,1.0,1.5,SE AGAETE.IGC,2026-09-03T19:50:30,2026-09-03T20:50:30,mbLg,
es2026rhfch,03/09/2026,19:22:02,21:22:02,36.7067,-1.8988,20.0,1.7,MEDITERRÁNEO-LEVANTE SUR,2026-09-03T19:22:02,2026-09-03T21:22:02,mbLg,
es2026rherq,03/09/2026,19:09:35,21:09:35,36.1387,-3.0524,0.0,1.6,ALBORÁN NORTE,2026-09-03T19:09:35,2026-09-03T21:09:35,mbLg,
es2026rhboq,03/09/2026,17:35:09,18:35:09,28.6471,-17.6816,36.0,1.9,SE SANTA CRUZ DE LA PALMA.ILP,2026-09-03T17:35:09,2026-09-03T18:35:09,mbLg,
es2026rgsbq,03/09/2026,12:47:14,14:47:14,38.6546,-0.3919,10.0,1.6,SE BENIFALLIM.A,2026-09-03T12:47:14,2026-09-03T14:47:14,mbLg,
es2026rgqso,03/09/2026,12:06:21,13:06:21,28.1004,-15.6903,10.0,1.5,E AGAETE.IGC,2026-09-03T12:06:21,2026-09-03T13:06:21,mbLg,
es2026rgpdl,03/09/2026,11:18:16,13:18:16,43.6211,3.2262,0.0,2.3,NE BEDARIEUX.FRA,2026-09-03T11:18:16,2026-09-03T13:18:16,mbLg,
es2026rgnmz,03/09/2026,10:28:57,12:28:57,36.462,-4.7973,0.0,1.9,SE MARBELLA.MA,2026-09-03T10:28:57,2026-09-03T12:28:57,mbLg,
es2026rghfg,03/09/2026,07:18:04,09:18:04,40.1732,0.7616,21.0,1.6,GOLFO DE VALENCIA,2026-09-03T07:18:04,2026-09-03T09:18:04,mbLg,
es2026rggjm,03/09/2026,06:52:42,08:52:42,37.0913,-3.5723,3.0,1.5,NE DÍLAR.GR,2026-09-03T06:52:42,2026-09-03T08:52:42,mbLg,
es2026rgddw,03/09/2026,05:15:32,07:15:32,37.8832,-1.0887,3.0,1.5,SE MURCIA.MU,2026-09-03T05:15:32,2026-09-03T07:15:32,mbLg,
es2026rfxfc,03/09/2026,02:14:50,04:14:50,35.5547,-3.5871,2.0,1.8,ALBORÁN SUR,2026-09-03T02:14:50,2026-09-03T04:14:50,mbLg,
es2026rfvcc,03/09/2026,01:10:42,02:10:42,28.0875,-15.0807,12.0,1.7,ATLÁNTICO-CANARIAS,2026-09-03T01:10:42,2026-09-03T02:10:42,mbLg,
es2026rhhba,03/09/2026,20:21:18,22:21:18,37.1153,-3.5843,2.0,1.5,S LA ZUBIA.GR,2026-09-03T20:21:18,2026-09-03T22:21:18,mbLg,Sentido
es2026rhecv,03/09/2026,18:53:35,20:53:35,37.1252,-3.6293,0.0,1.8,S ARMILLA.GR,2026-09-03T18:53:35,2026-09-03T20:53:35,mbLg,Sentido
es2026rhaxz,03/09/2026,17:15:46,19:15:46,37.1399,-3.5777,6.0,1.6,SW HUÉTOR VEGA.GR,2026-09-03T17:15:46,2026-09-03T19:15:46,mbLg,Sentido
es2026rgyzn,03/09/2026,16:16:55,17:16:55,28.0976,-15.6995,6.0,1.9,SW AGAETE.IGC,2026-09-03T16:16:55,2026-09-03T17:16:55,mbLg,II
es2026rguwm,03/09/2026,14:11:49,15:11:49,28.1018,-15.6886,6.0,2.1,NE AGAETE.IGC,2026-09-03T14:11:49,2026-09-03T15:11:49,mbLg,II-III
es2026rgjty,03/09/2026,08:35:50,10:35:50,37.1427,-3.5924,9.0,1.6,W HUÉTOR VEGA.GR,2026-09-03T08:35:50,2026-09-03T10:35:50,mbLg,Sentido
es2026rgdlb,03/09/2026,05:23:53,07:23:53,37.1134,-3.6349,0.0,2.0,NE ALHENDÍN.GR,2026-09-03T05:23:53,2026-09-03T07:23:53,mbLg,Sentido
es2026rfvvh,03/09/2026,01:33:23,03:33:23,37.103,-3.6077,8.0,1.7,SW GÓJAR.GR,2026-09-03T01:33:23,2026-09-03T03:33:23,mbLg,Sentido
es2026rftyu,03/09/2026,00:36:34,02:36:34,37.0945,-3.6044,0.0,1.7,S GÓJAR.GR,2026-09-03T00:36:34,2026-09-03T02:36:34,mbLg,Sentido
es2026pctlt,03/08/2026,22:01:51,00:01:51,37.9676,-1.3802,3.0,2.5,S ALBUDEITE.MU,2026-08-03T22:01:51,2026-08-03T00:01:51,mbLg,II-III
es2025tgtbn,02/10/2025,00:12:57,02:12:57,36.5933,-7.6807,26.0,3.8,GOLFO DE CÁDIZ,2025-10-02T00:12:57,2025-10-02T02:12:57,mbLg,
es2026repmu,02/09/2026,09:13:22,11:13:22,37.1292,-3.6513,4.0,1.2,SE LAS GABIAS.GR,2026-09-02T09:13:22,2026-09-02T11:13:22,mbLg,II
es2026reoel,02/09/2026,08:33:20,10:33:20,37.1392,-3.6362,8.0,1.2,W ARMILLA.GR,2026-09-02T08:33:20,2026-09-02T10:33:20,mbLg,II-III
es2026rfptl,02/09/2026,22:29:06,00:29:06,37.3041,-1.9764,1.0,1.6,SE ZURGENA.AL,2026-09-02T22:29:06,2026-09-02T00:29:06,mbLg,
es2026rfoxk,02/09/2026,22:03:24,00:03:24,36.5106,-9.1285,32.0,1.6,SW CABO DE SAN VICENTE,2026-09-02T22:03:24,2026-09-02T00:03:24,mbLg,
es2026rfofz,02/09/2026,21:43:06,23:43:06,35.9352,-3.9732,14.0,2.1,ALBORÁN SUR,2026-09-02T21:43:06,2026-09-02T23:43:06,mbLg,
es2026rfmgg,02/09/2026,20:42:31,22:42:31,36.7047,-9.7744,16.0,2.2,SW CABO DE SAN VICENTE,2026-09-02T20:42:31,2026-09-02T22:42:31,mbLg,
es2026rflwp,02/09/2026,20:31:29,22:31:29,37.3558,-2.0054,11.0,1.6,NE ZURGENA.AL,2026-09-02T20:31:29,2026-09-02T22:31:29,mbLg,
es2026rfgvn,02/09/2026,17:58:44,19:58:44,37.3635,-6.8617,12.0,1.7,SW TRIGUEROS.H,2026-09-02T17:58:44,2026-09-02T19:58:44,mbLg,
es2026retfy,02/09/2026,11:06:37,13:06:37,37.0669,-4.0568,26.0,1.5,W SANTA CRUZ DEL COMERCIO.GR,2026-09-02T11:06:37,2026-09-02T13:06:37,mbLg,
es2026repdc,02/09/2026,09:02:02,11:02:02,37.3185,-1.7446,0.0,1.9,S PULPÍ.AL,2026-09-02T09:02:02,2026-09-02T11:02:02,mbLg,
es2026remjc,02/09/2026,07:38:08,09:38:08,40.1641,-0.7262,0.0,1.5,SW RUBIELOS DE MORA.TE,2026-09-02T07:38:08,2026-09-02T09:38:08,mbLg,
es2026reiiq,02/09/2026,05:36:20,06:36:20,28.6176,-16.3745,28.0,2.0,NW TEGUESTE.ITF,2026-09-02T05:36:20,2026-09-02T06:36:20,mbLg,
es2026reiid,02/09/2026,05:35:47,07:35:47,37.1352,-3.421,6.0,1.5,SE GÜÉJAR SIERRA.GR,2026-09-02T05:35:47,2026-09-02T07:35:47,mbLg,
es2026regkm,02/09/2026,04:37:51,05:37:51,28.4244,-16.3944,27.0,2.4,SW EL ROSARIO.ITF,2026-09-02T04:37:51,2026-09-02T05:37:51,mbLg,
es2026reckv,02/09/2026,02:37:01,04:37:01,40.9548,1.3261,8.0,2.2,COSTERO CATALANA,2026-09-02T02:37:01,2026-09-02T04:37:01,mbLg,
es2026rebty,02/09/2026,02:17:22,04:17:22,36.721,-7.3732,24.0,1.7,GOLFO DE CÁDIZ,2026-09-02T02:17:22,2026-09-02T04:17:22,mbLg,
es2026reawq,02/09/2026,01:50:25,03:50:25,37.1871,-3.6632,9.0,1.5,N VEGAS DEL GENIL.GR,2026-09-02T01:50:25,2026-09-02T03:50:25,mbLg,
es2026rdzru,02/09/2026,01:14:16,03:14:16,35.5595,-3.731,0.0,1.9,ALBORÁN SUR,2026-09-02T01:14:16,2026-09-02T03:14:16,mbLg,
es2026rdylz,02/09/2026,00:37:06,02:37:06,37.7245,-3.498,7.0,1.6,S TORRES.J,2026-09-02T00:37:06,2026-09-02T02:37:06,mbLg,
es2026rfsdl,02/09/2026,23:41:20,01:41:20,38.917,-0.1678,9.0,1.9,E LA FONT D EN CARRÒS.V,2026-09-02T23:41:20,2026-09-02T01:41:20,mbLg,II
es2026reokz,02/09/2026,08:41:27,10:41:27,37.1085,-3.5883,5.0,1.6,S LA ZUBIA.GR,2026-09-02T08:41:27,2026-09-02T10:41:27,mbLg,Sentido
es2026reogo,02/09/2026,08:35:47,10:35:47,37.1175,-3.5905,0.0,2.3,SW LA ZUBIA.GR,2026-09-02T08:35:47,2026-09-02T10:35:47,mbLg,Sentido
es2026relvg,02/09/2026,07:22:00,09:22:00,37.1647,-3.6021,12.0,1.5,S GRANADA.GR,2026-09-02T07:22:00,2026-09-02T09:22:00,mbLg,Sentido
es2026reiyj,02/09/2026,05:54:40,07:54:40,37.1548,-3.5957,5.0,1.5,NW HUÉTOR VEGA.GR,2026-09-02T05:54:40,2026-09-02T07:54:40,mbLg,Sentido
es2026redlc,02/09/2026,03:07:41,05:07:41,37.1587,-3.647,4.0,1.6,N CHURRIANA DE LA VEGA.GR,2026-09-02T03:07:41,2026-09-02T05:07:41,mbLg,Sentido
es2026paacq,02/08/2026,09:59:28,11:59:28,37.9664,-1.4271,4.0,3.9,SE PLIEGO.MU,2026-08-02T09:59:28,2026-08-02T11:59:28,Mw,IV
es2026rccpt,01/09/2026,00:26:50,01:26:50,28.2336,-16.8356,21.0,1.5,NW GUÍA DE ISORA.ITF,2026-09-01T00:26:50,2026-09-01T01:26:50,mbLg,I-II
es2026rdnjv,01/09/2026,19:01:18,21:01:18,42.1675,-6.7571,0.0,1.8,NW TREFACIO.ZA,2026-09-01T19:01:18,2026-09-01T21:01:18,mbLg,
es2026rdjxk,01/09/2026,17:15:51,19:15:51,35.758,-3.5328,7.0,2.6,ALBORÁN SUR,2026-09-01T17:15:51,2026-09-01T19:15:51,mbLg,
es2026rdgjq,01/09/2026,15:28:55,17:28:55,37.0948,-3.5903,7.0,1.5,SE GÓJAR.GR,2026-09-01T15:28:55,2026-09-01T17:28:55,mbLg,
es2026rdaeb,01/09/2026,12:20:35,14:20:35,37.1036,-3.5615,4.0,1.6,SE LA ZUBIA.GR,2026-09-01T12:20:35,2026-09-01T14:20:35,mbLg,
es2026rclhl,01/09/2026,04:49:54,06:49:54,40.7093,-3.037,10.0,1.7,W VALDEGRUDAS.GU,2026-09-01T04:49:54,2026-09-01T06:49:54,mbLg,
es2026rdvyx,01/09/2026,23:21:20,01:21:20,37.1522,-3.6182,3.0,1.4,NE ARMILLA.GR,2026-09-01T23:21:20,2026-09-01T01:21:20,mbLg,Sentido
es2026rdtgl,01/09/2026,21:59:11,23:59:11,37.1033,-3.5791,5.0,1.8,SE LA ZUBIA.GR,2026-09-01T21:59:11,2026-09-01T23:59:11,mbLg,Sentido
es2026rdhgb,01/09/2026,15:55:04,17:55:04,37.1222,-3.6386,9.0,1.4,NE ALHENDÍN.GR,2026-09-01T15:55:04,2026-09-01T17:55:04,mbLg,Sentido
es2026rdckr,01/09/2026,13:28:53,15:28:53,37.1721,-3.6336,10.0,1.5,NE CHURRIANA DE LA VEGA.GR,2026-09-01T13:28:53,2026-09-01T15:28:53,mbLg,Sentido
es2026rczze,01/09/2026,12:16:04,14:16:04,37.1405,-3.6302,8.0,1.7,W ARMILLA.GR,2026-09-01T12:16:04,2026-09-01T14:16:04,mbLg,Sentido
es2026rcvzy,01/09/2026,10:14:32,12:14:32,38.1138,-0.5031,3.0,2.0,SE SANTA POLA.A,2026-09-01T10:14:32,2026-09-01T12:14:32,mbLg,II
es2026rcvmh,01/09/2026,09:58:35,11:58:35,35.7133,-3.634,0.0,3.2,ALBORÁN SUR,2026-09-01T09:58:35,2026-09-01T11:58:35,mbLg,II
es2026rcvii,01/09/2026,09:54:01,11:54:01,37.1495,-3.6165,4.0,2.0,NE ARMILLA.GR,2026-09-01T09:54:01,2026-09-01T11:54:01,mbLg,Sentido
